-- phpMyAdmin SQL Dump
-- version 5.2.1
-- https://www.phpmyadmin.net/
--
-- Host: 127.0.0.1:3306
-- Generation Time: Mar 08, 2025 at 01:33 AM
-- Server version: 10.11.10-MariaDB
-- PHP Version: 7.2.34

SET SQL_MODE = "NO_AUTO_VALUE_ON_ZERO";
START TRANSACTION;
SET time_zone = "+00:00";


/*!40101 SET @OLD_CHARACTER_SET_CLIENT=@@CHARACTER_SET_CLIENT */;
/*!40101 SET @OLD_CHARACTER_SET_RESULTS=@@CHARACTER_SET_RESULTS */;
/*!40101 SET @OLD_COLLATION_CONNECTION=@@COLLATION_CONNECTION */;
/*!40101 SET NAMES utf8mb4 */;

--
-- Database: `u263857507_ghosiadrood`
--

-- --------------------------------------------------------

--
-- Table structure for table `attendance`
--

CREATE TABLE `attendance` (
  `id` int(191) NOT NULL,
  `time_key` varchar(191) DEFAULT NULL,
  `time_date` varchar(191) DEFAULT NULL,
  `time_day` varchar(191) DEFAULT NULL,
  `time_month` varchar(191) DEFAULT NULL,
  `user_id` int(191) NOT NULL,
  `created_at` timestamp NOT NULL DEFAULT current_timestamp(),
  `updated_at` timestamp NULL DEFAULT NULL
) ENGINE=InnoDB DEFAULT CHARSET=utf8mb4 COLLATE=utf8mb4_unicode_ci;

-- --------------------------------------------------------

--
-- Table structure for table `books`
--

CREATE TABLE `books` (
  `id` bigint(20) UNSIGNED NOT NULL,
  `name` varchar(255) NOT NULL,
  `image` varchar(255) NOT NULL,
  `author` varchar(255) NOT NULL,
  `language` varchar(255) NOT NULL,
  `link` varchar(255) NOT NULL,
  `created_at` timestamp NULL DEFAULT NULL,
  `updated_at` timestamp NULL DEFAULT NULL,
  `status` tinyint(1) NOT NULL DEFAULT 0
) ENGINE=InnoDB DEFAULT CHARSET=utf8mb4 COLLATE=utf8mb4_unicode_ci;

--
-- Dumping data for table `books`
--

INSERT INTO `books` (`id`, `name`, `image`, `author`, `language`, `link`, `created_at`, `updated_at`, `status`) VALUES
(1, 'کاروانِ کربلا', 'https://ghosiadrood.samplelinkweb.site/uploads/images/adab.png', 'یاسین اجمل چشتی', 'اردو', 'https://ghosiadrood.samplelinkweb.site/uploads/book/adab.pdf', '2024-06-22 00:03:25', '2025-02-27 18:22:08', 0),
(2, 'تاجدارِ بنو ہاشم', 'https://ghosiadrood.samplelinkweb.site/uploads/images/tajdar.png', 'یاسین اجمل چشتی', 'اردو', 'https://ghosiadrood.samplelinkweb.site/uploads/book/tajdar.pdf', '2024-07-03 23:18:06', '2025-02-27 18:21:29', 0),
(3, 'Wasila-e-Nijat', 'https://ghosiadrood.samplelinkweb.site/upload/books/images/8ef8f05460c6c28292d819c39a4799b7Waseelatun-Nijat-MBA104-Title-01001_600x.webp', 'Professor abdul Ghaffar Naqshbandi', 'urdu', 'https://ghosiadrood.samplelinkweb.site/upload/books/199b84e31f8c24623a94520c171f0e28Waseela-Nijaat-Book-1-Final.pdf', '2025-02-27 16:53:50', '2025-02-27 18:09:20', 1);

-- --------------------------------------------------------

--
-- Table structure for table `duroodpaks`
--

CREATE TABLE `duroodpaks` (
  `id` bigint(20) UNSIGNED NOT NULL,
  `durood` bigint(20) NOT NULL,
  `quran_majeed_part` bigint(20) DEFAULT NULL,
  `user_id` bigint(20) DEFAULT NULL,
  `created_at` timestamp NULL DEFAULT NULL,
  `updated_at` timestamp NULL DEFAULT NULL
) ENGINE=InnoDB DEFAULT CHARSET=utf8mb4 COLLATE=utf8mb4_unicode_ci;

--
-- Dumping data for table `duroodpaks`
--

INSERT INTO `duroodpaks` (`id`, `durood`, `quran_majeed_part`, `user_id`, `created_at`, `updated_at`) VALUES
(1, 528816717, NULL, 65, '2025-03-04 03:02:25', '2025-03-04 03:02:25'),
(2, 7150, NULL, 68, '2025-03-04 16:34:41', '2025-03-04 16:34:41'),
(3, 8, NULL, 68, '2025-03-04 16:35:15', '2025-03-04 16:35:15'),
(4, 1, NULL, 78, '2025-03-04 18:05:58', '2025-03-04 18:05:58'),
(5, 1, NULL, 78, '2025-03-04 18:06:35', '2025-03-04 18:06:35'),
(6, 5000, NULL, 83, '2025-03-04 19:06:24', '2025-03-04 19:06:24'),
(7, 2, NULL, 80, '2025-03-04 19:07:31', '2025-03-04 19:07:31'),
(8, 12, NULL, 80, '2025-03-04 19:08:07', '2025-03-04 19:08:07'),
(9, 218, NULL, 82, '2025-03-04 19:10:53', '2025-03-04 19:10:53'),
(10, 200, NULL, 85, '2025-03-04 19:21:05', '2025-03-04 19:21:05'),
(11, 4500, NULL, 86, '2025-03-04 19:22:32', '2025-03-04 19:22:32'),
(12, 14, NULL, 86, '2025-03-04 19:24:59', '2025-03-04 19:24:59'),
(13, 17, NULL, 73, '2025-03-04 19:34:59', '2025-03-04 19:34:59'),
(14, 5000, NULL, 88, '2025-03-04 19:36:52', '2025-03-04 19:36:52'),
(15, 3, NULL, 71, '2025-03-04 19:39:25', '2025-03-04 19:39:25'),
(16, 3, NULL, 90, '2025-03-04 19:39:37', '2025-03-04 19:39:37'),
(17, 4000, NULL, 91, '2025-03-04 19:47:38', '2025-03-04 19:47:38'),
(18, 15, NULL, 94, '2025-03-04 19:53:46', '2025-03-04 19:53:46'),
(19, 56, NULL, 86, '2025-03-04 20:05:16', '2025-03-04 20:05:16'),
(20, 50, NULL, 96, '2025-03-04 20:07:16', '2025-03-04 20:07:16'),
(21, 10, NULL, 67, '2025-03-04 21:49:38', '2025-03-04 21:49:38'),
(22, 235, NULL, 86, '2025-03-04 21:54:04', '2025-03-04 21:54:04'),
(23, 30, NULL, 73, '2025-03-04 22:33:05', '2025-03-04 22:33:05'),
(24, 4511, NULL, 98, '2025-03-04 23:22:32', '2025-03-04 23:22:32'),
(25, 110, NULL, 94, '2025-03-04 23:47:22', '2025-03-04 23:47:22'),
(26, 2500, NULL, 85, '2025-03-05 01:39:45', '2025-03-05 01:39:45'),
(27, 125, NULL, 94, '2025-03-05 06:16:06', '2025-03-05 06:16:06'),
(28, 500, NULL, 86, '2025-03-05 13:26:52', '2025-03-05 13:26:52'),
(29, 135, NULL, 71, '2025-03-05 15:07:21', '2025-03-05 15:07:21'),
(30, 3600, NULL, 71, '2025-03-05 15:07:49', '2025-03-05 15:07:49'),
(31, 1512, NULL, 68, '2025-03-05 17:25:54', '2025-03-05 17:25:54'),
(32, 100, NULL, 93, '2025-03-05 18:49:25', '2025-03-05 18:49:25'),
(33, 180, NULL, 93, '2025-03-05 19:05:45', '2025-03-05 19:05:45'),
(34, 3220, NULL, 82, '2025-03-05 19:55:50', '2025-03-05 19:55:50'),
(35, 46, NULL, 93, '2025-03-06 05:08:43', '2025-03-06 05:08:43'),
(36, 100, NULL, 93, '2025-03-06 05:36:19', '2025-03-06 05:36:19'),
(37, 5, NULL, 93, '2025-03-06 05:36:37', '2025-03-06 05:36:37'),
(38, 401, NULL, 93, '2025-03-06 06:13:12', '2025-03-06 06:13:12'),
(39, 5000, NULL, 97, '2025-03-06 21:50:33', '2025-03-06 21:50:33'),
(40, 20, NULL, 97, '2025-03-06 21:55:21', '2025-03-06 21:55:21'),
(41, 51, NULL, 93, '2025-03-07 11:00:15', '2025-03-07 11:00:15'),
(42, 3, NULL, 71, '2025-03-07 16:45:14', '2025-03-07 16:45:14'),
(43, 2000, NULL, 71, '2025-03-07 16:45:59', '2025-03-07 16:45:59');

-- --------------------------------------------------------

--
-- Table structure for table `failed_jobs`
--

CREATE TABLE `failed_jobs` (
  `id` bigint(20) UNSIGNED NOT NULL,
  `uuid` varchar(255) NOT NULL,
  `connection` text NOT NULL,
  `queue` text NOT NULL,
  `payload` longtext NOT NULL,
  `exception` longtext NOT NULL,
  `failed_at` timestamp NOT NULL DEFAULT current_timestamp()
) ENGINE=InnoDB DEFAULT CHARSET=utf8mb4 COLLATE=utf8mb4_unicode_ci;

-- --------------------------------------------------------

--
-- Table structure for table `forget_passwords`
--

CREATE TABLE `forget_passwords` (
  `id` bigint(20) UNSIGNED NOT NULL,
  `user_id` bigint(20) UNSIGNED NOT NULL,
  `otp` int(11) NOT NULL,
  `status` tinyint(1) NOT NULL DEFAULT 0,
  `created_at` timestamp NULL DEFAULT NULL,
  `updated_at` timestamp NULL DEFAULT NULL
) ENGINE=InnoDB DEFAULT CHARSET=utf8mb4 COLLATE=utf8mb4_unicode_ci;

-- --------------------------------------------------------

--
-- Table structure for table `lectures`
--

CREATE TABLE `lectures` (
  `id` bigint(20) UNSIGNED NOT NULL,
  `title` varchar(255) NOT NULL,
  `sub_title` varchar(255) NOT NULL,
  `banner_image` varchar(255) NOT NULL,
  `author_image` varchar(255) NOT NULL,
  `link` varchar(255) NOT NULL,
  `created_at` timestamp NULL DEFAULT NULL,
  `updated_at` timestamp NULL DEFAULT NULL
) ENGINE=InnoDB DEFAULT CHARSET=utf8mb4 COLLATE=utf8mb4_unicode_ci;

--
-- Dumping data for table `lectures`
--

INSERT INTO `lectures` (`id`, `title`, `sub_title`, `banner_image`, `author_image`, `link`, `created_at`, `updated_at`) VALUES
(1, 'Durood o Salam ki Fazilat', 'Durood o Salam', 'https://ghosiadrood.samplelinkweb.site/uploads/banner_image/durood.png', 'https://ghosiadrood.samplelinkweb.site/uploads/author_image/author.jpg', 'https://www.youtube.com/watch?v=25EhT4DeBJY', '2024-06-22 02:43:42', '2024-06-22 02:43:42');

-- --------------------------------------------------------

--
-- Table structure for table `migrations`
--

CREATE TABLE `migrations` (
  `id` int(10) UNSIGNED NOT NULL,
  `migration` varchar(255) NOT NULL,
  `batch` int(11) NOT NULL
) ENGINE=InnoDB DEFAULT CHARSET=utf8mb4 COLLATE=utf8mb4_unicode_ci;

--
-- Dumping data for table `migrations`
--

INSERT INTO `migrations` (`id`, `migration`, `batch`) VALUES
(1, '2014_10_12_000000_create_users_table', 1),
(2, '2014_10_12_100000_create_password_resets_table', 1),
(3, '2016_06_01_000001_create_oauth_auth_codes_table', 1),
(4, '2016_06_01_000002_create_oauth_access_tokens_table', 1),
(5, '2016_06_01_000003_create_oauth_refresh_tokens_table', 1),
(6, '2016_06_01_000004_create_oauth_clients_table', 1),
(7, '2016_06_01_000005_create_oauth_personal_access_clients_table', 1),
(8, '2019_08_19_000000_create_failed_jobs_table', 1),
(9, '2024_05_29_202728_create_forget_passwords_table', 1),
(10, '2024_06_11_171249_create_permission_tables', 2),
(11, '2024_06_11_180947_create_profiles_table', 2),
(12, '2024_07_12_171112_add_column_to_users_table', 3);

-- --------------------------------------------------------

--
-- Table structure for table `model_has_permissions`
--

CREATE TABLE `model_has_permissions` (
  `permission_id` bigint(20) UNSIGNED NOT NULL,
  `model_type` varchar(255) NOT NULL,
  `model_id` bigint(20) UNSIGNED NOT NULL
) ENGINE=InnoDB DEFAULT CHARSET=utf8mb4 COLLATE=utf8mb4_unicode_ci;

-- --------------------------------------------------------

--
-- Table structure for table `model_has_roles`
--

CREATE TABLE `model_has_roles` (
  `role_id` bigint(20) UNSIGNED NOT NULL,
  `model_type` varchar(255) NOT NULL,
  `model_id` bigint(20) UNSIGNED NOT NULL
) ENGINE=InnoDB DEFAULT CHARSET=utf8mb4 COLLATE=utf8mb4_unicode_ci;

-- --------------------------------------------------------

--
-- Table structure for table `oauth_access_tokens`
--

CREATE TABLE `oauth_access_tokens` (
  `id` varchar(100) NOT NULL,
  `user_id` bigint(20) UNSIGNED DEFAULT NULL,
  `client_id` bigint(20) UNSIGNED NOT NULL,
  `name` varchar(255) DEFAULT NULL,
  `scopes` text DEFAULT NULL,
  `revoked` tinyint(1) NOT NULL,
  `created_at` timestamp NULL DEFAULT NULL,
  `updated_at` timestamp NULL DEFAULT NULL,
  `expires_at` datetime DEFAULT NULL
) ENGINE=InnoDB DEFAULT CHARSET=utf8mb4 COLLATE=utf8mb4_unicode_ci;

--
-- Dumping data for table `oauth_access_tokens`
--

INSERT INTO `oauth_access_tokens` (`id`, `user_id`, `client_id`, `name`, `scopes`, `revoked`, `created_at`, `updated_at`, `expires_at`) VALUES
('019325d2ed205df726e777c493ba47ca5e093eeee5cc30a89764487cd62f09dcba3df7b09c3f3d3c', 31, 3, 'MyApp', '[]', 1, '2025-02-27 19:56:36', '2025-02-27 19:56:36', '2026-02-27 19:56:36'),
('024798ca0606174cff42eb0223493a90ec61510a98258ce8a5355cd133c584c957ffb16b380efe2f', 70, 3, 'MyApp', '[]', 1, '2025-03-04 19:08:01', '2025-03-04 19:08:01', '2026-03-04 19:08:01'),
('0517e5eb78ca1a35f481601640b0800a37b4f26c085fdcf4cf13cef388331712d0f9804e4659c62d', 74, 3, 'MyApp', '[]', 0, '2025-03-04 18:05:02', '2025-03-04 18:05:02', '2026-03-04 18:05:02'),
('05e1ead680347a2cf2eaed3a20bdb1caf5c56e4421b9ef4de85fa6d90d68c11873c0037ddf3530d2', 9, 1, 'MyApp', '[]', 0, '2024-06-12 19:10:22', '2024-06-12 19:10:22', '2025-06-12 19:10:22'),
('06660567faaf3bb2b4c7a080ae4d591b9532624c9b4d5b12a30790171bdeebaa4d17b9152b5c33ab', 14, 3, 'MyApp', '[]', 0, '2025-02-26 19:28:16', '2025-02-26 19:28:16', '2026-02-26 19:28:16'),
('07fbb0f0f7aabe1d2cdcc433162a0a216f1e7c032f1cb8b59664fef5748b63e92c176a27041e6a3f', 9, 1, 'MyApp', '[]', 0, '2024-06-05 17:25:00', '2024-06-05 17:25:00', '2025-06-05 17:25:00'),
('0811e8a71933a99fd90ff2ef747bbef66c4b3fb41f16b5baeac9c17d1e9521a5d682b95e7a30fd78', 18, 1, 'MyApp', '[]', 0, '2024-07-03 19:46:54', '2024-07-03 19:46:54', '2025-07-03 19:46:54'),
('0a6924ea50176cf0358da8c43cf3e4b427f6bb607271024d6c9a19929dda6fb56da88056525d4f54', 28, 3, 'MyApp', '[]', 1, '2025-02-27 23:31:01', '2025-02-27 23:31:01', '2026-02-27 23:31:01'),
('0b28792cda0609a45683f1e7b5aa6ac3d5a16c0cbb677c04b1bc0f5bf6adf107f0d36dc74f1f1b4b', 88, 3, 'MyApp', '[]', 1, '2025-03-04 19:38:58', '2025-03-04 19:38:58', '2026-03-04 19:38:58'),
('0b7a011cab0adc69b166d1e98b1b5b7979403b80ed88fb021d0cb29cb6c2c211b4c41b7cf3ee6a9b', 14, 3, 'MyApp', '[]', 1, '2025-02-26 18:11:53', '2025-02-26 18:11:53', '2026-02-26 18:11:53'),
('0b7f77ed5a8c046ec9792bf7cb01481eed91803f934706a3348ba8ff1c6992f61b64278e20f40315', 73, 3, 'MyApp', '[]', 0, '2025-03-04 19:27:05', '2025-03-04 19:27:05', '2026-03-04 19:27:05'),
('0c202807c277fd130762b3f156924f1fad5139b64f88d53025899f2598446f7e080ecb8da4dc9a21', 25, 1, 'MyApp', '[]', 1, '2024-07-12 17:45:59', '2024-07-12 17:45:59', '2025-07-12 17:45:59'),
('0f40943a23585ffe754115065f5de12ce82ced292f7a4323576c20dfe95177a3b583861ed67e532a', 8, 1, 'MyApp', '[]', 0, '2024-06-05 11:47:16', '2024-06-05 11:47:16', '2025-06-05 11:47:16'),
('101a67d1f646ac96dad10c699ababbfa9ba2959eeeca0ae402efb20fdba2563adec89e58e91b4c6c', 68, 3, 'MyApp', '[]', 1, '2025-03-04 16:43:43', '2025-03-04 16:43:43', '2026-03-04 16:43:43'),
('116de97e7bf57c7514e5237a891148f0b01d043e43490b8f6602f0655f16590ebed9d38429e5c17b', 59, 3, 'MyApp', '[]', 0, '2025-03-04 02:13:36', '2025-03-04 02:13:36', '2026-03-04 02:13:36'),
('118cfc6e90a2934d75ddc698ce07d6e5a93bd904473ca8d760afa8e881416e620c860c30b519739b', 46, 3, 'MyApp', '[]', 1, '2025-03-04 00:24:47', '2025-03-04 00:24:47', '2026-03-04 00:24:47'),
('14ae6ed9a621c1e4cc4f1f6d652d911e556c6a14a453541174c69ee9a460a3f220095e3dd915befa', 40, 3, 'MyApp', '[]', 1, '2025-03-02 01:28:20', '2025-03-02 01:28:20', '2026-03-02 01:28:20'),
('157f7f78f7bcdeada8656659c4b552bd822e0f7dc1d3c3cb96b832bb1001a7015611864a45527537', 82, 3, 'MyApp', '[]', 1, '2025-03-04 19:00:39', '2025-03-04 19:00:39', '2026-03-04 19:00:39'),
('1956091558c63b36a71752f7bb0c15cf675cb4572296e595bf9c6acc362bf6919459b874fc2c5238', 25, 1, 'MyApp', '[]', 0, '2024-07-12 17:50:23', '2024-07-12 17:50:23', '2025-07-12 17:50:23'),
('1b42ecda403018f32f332ade2e403e4dae57276ff220900ea2c9aeaadac8fd3097a40cf8266439fb', 29, 3, 'MyApp', '[]', 0, '2025-02-27 20:12:41', '2025-02-27 20:12:41', '2026-02-27 20:12:41'),
('1c7155620c7de45a8ff530ee6372f4a5f36a2c7573b513cf3e4090a53eb103d8368958f362554531', 8, 1, 'MyApp', '[]', 0, '2024-06-05 11:46:36', '2024-06-05 11:46:36', '2025-06-05 11:46:36'),
('1cf1cf03091b000ed496991a52eb9e98c991e66cd0a943e366a955ffc3766d122eaa92537f5c7928', 51, 3, 'MyApp', '[]', 1, '2025-03-04 01:24:06', '2025-03-04 01:24:06', '2026-03-04 01:24:06'),
('1ef2c76346734954e9cad450bc4be8f918c68ea12669b303b09cceac485608bcf272f28ea24bccca', 28, 3, 'MyApp', '[]', 1, '2025-02-27 23:12:25', '2025-02-27 23:12:25', '2026-02-27 23:12:25'),
('1f7925894426bdca7303a60d71f9fc86408a92919554d61a0510060a3eb8669a1a8c8be6220d0108', 26, 1, 'MyApp', '[]', 0, '2025-02-25 06:42:20', '2025-02-25 06:42:20', '2026-02-25 06:42:20'),
('204190cc8d340595dbeb1fa76682d64f0088ec92e20774000cd941ea1133c3e708eb9a5f567b3e8a', 2, 1, 'MyApp', '[]', 0, '2024-07-10 18:19:06', '2024-07-10 18:19:06', '2025-07-10 18:19:06'),
('21472a2c2129200c8b6e41afbd67eada159bec9e337e764177e7ecf855c7efddd8f79f64f0daeca8', 2, 1, 'MyApp', '[]', 0, '2024-06-21 19:46:11', '2024-06-21 19:46:11', '2025-06-21 19:46:11'),
('2160bdc8f23ad91c2e1ec199d15e8a182944ec7598ae3f0ee1b0acef9952e70280ae862c16ba7d9a', 14, 3, 'MyApp', '[]', 0, '2025-02-26 00:33:59', '2025-02-26 00:33:59', '2026-02-26 00:33:59'),
('249e51780bde328303d7536cd2f411856a0b0fb964b39a7da2bdf1596a6c45ca94ec601a59a58687', 25, 1, 'MyApp', '[]', 1, '2024-07-12 17:46:59', '2024-07-12 17:46:59', '2025-07-12 17:46:59'),
('24d6ac3d128021ca3d9dcdd13eb3f1e9e6de0326dcfab2bb56a8e6d4dfb2cef7b7fc999aa051564c', 92, 3, 'MyApp', '[]', 0, '2025-03-04 19:44:21', '2025-03-04 19:44:21', '2026-03-04 19:44:21'),
('24f7f9796211cc1a32e711885dee4e2a2a5f68db6e7b649b65dcb2e0dcc78e7e1477c38844b7aef9', 28, 3, 'MyApp', '[]', 1, '2025-02-27 23:23:52', '2025-02-27 23:23:52', '2026-02-27 23:23:52'),
('2886e5a6198fb384c8b3cfb86d3146a91a61a2dcce79ba30490e188e40cfb1ea2432d7947c625869', 26, 3, 'MyApp', '[]', 1, '2025-02-27 04:15:18', '2025-02-27 04:15:18', '2026-02-27 04:15:18'),
('29106dd9c47d7a74c184006896e2215225586750044df125aaad6422babba2ec55835173a36b6647', 14, 3, 'MyApp', '[]', 0, '2025-02-26 17:29:33', '2025-02-26 17:29:33', '2026-02-26 17:29:33'),
('29b72e9dc2e5388055e16193b5b3c3678064785ce0c5cff26fb67d64b9a82d79f8e07be9d1f4ad73', 14, 3, 'MyApp', '[]', 1, '2025-02-26 00:34:08', '2025-02-26 00:34:08', '2026-02-26 00:34:08'),
('2ae8c9974048056b0c3d393d357ca63e8d901fd6828a008df851cb752d7dedf5a78c98404343fcbd', 67, 3, 'MyApp', '[]', 1, '2025-03-04 04:18:22', '2025-03-04 04:18:22', '2026-03-04 04:18:22'),
('2c5f786b9e0e49492b1f2de935dfbf0b9db00d4633ee76f02ea57e395737643b46c192ec58c705c5', 2, 1, 'MyApp', '[]', 0, '2024-06-11 18:40:31', '2024-06-11 18:40:31', '2025-06-11 18:40:31'),
('2cf9e5bd5c48ae9bdafbc6b721b45b088689602667b17c4914af32f0ee1bea6e99a600dad8834498', 45, 3, 'MyApp', '[]', 1, '2025-03-03 22:38:07', '2025-03-03 22:38:07', '2026-03-03 22:38:07'),
('2e12bf8c76c0b61a2c0efa2697fceea946604a407df4b4cd6a13a8fbdddc9177c0a222509922e26d', 14, 1, 'MyApp', '[]', 1, '2025-02-25 20:55:28', '2025-02-25 20:55:28', '2026-02-25 20:55:28'),
('2e9cd47f93849990a1680fc77c15954427c33002ac65518122403bbaca880e0f1800bf2b6a612e6a', 14, 3, 'MyApp', '[]', 1, '2025-02-26 20:49:50', '2025-02-26 20:49:50', '2026-02-26 20:49:50'),
('30464f610899a97018b53f5e4a1eb50e6db3ba5d565c4083368311e4499d0a1cd25a0bc8049a5a99', 93, 3, 'MyApp', '[]', 0, '2025-03-04 19:48:23', '2025-03-04 19:48:23', '2026-03-04 19:48:23'),
('30a9d4f711e64d452757942ab0f2a15f3eacdedfc71c33d4a0058e32a49b509b4bd2b806b072aa1f', 9, 1, 'MyApp', '[]', 0, '2024-07-05 19:53:27', '2024-07-05 19:53:27', '2025-07-05 19:53:27'),
('322d766249dd339fc36412f5e5ec989546b302ef6fed24437d555748c237d733b054da98771b66d3', 46, 3, 'MyApp', '[]', 1, '2025-03-04 00:27:58', '2025-03-04 00:27:58', '2026-03-04 00:27:58'),
('32a9f20f6b339dde7152ae7897a384cb2b3246401e55894a036c80131761e07180c844afac2ec663', 28, 3, 'MyApp', '[]', 0, '2025-02-27 23:11:42', '2025-02-27 23:11:42', '2026-02-27 23:11:42'),
('3337aaa842793c6f8961dd32a872e541c708c8f00f6c9d119f7bc131f5fe2e1118ca2bcd51f10aee', 20, 1, 'MyApp', '[]', 0, '2024-07-05 19:10:22', '2024-07-05 19:10:22', '2025-07-05 19:10:22'),
('338e6309cd0d21cfcf066cd9e78795f7a0ac188c7e5404fc7132fe83a9786edc3a37653dd428c5ae', 49, 3, 'MyApp', '[]', 1, '2025-03-04 01:03:54', '2025-03-04 01:03:54', '2026-03-04 01:03:54'),
('36ee8bdefc4a23b60fd0e700a3f877473b63b5d9f23465c19a46b2142137911b929384e9869448da', 33, 3, 'MyApp', '[]', 1, '2025-02-28 05:09:57', '2025-02-28 05:09:57', '2026-02-28 05:09:57'),
('377d15097cfbcb5a5e13a37709d60ea66615574e84bc70c05830240a102de6db764b6c59d4ea1943', 2, 1, 'MyApp', '[]', 0, '2024-06-21 21:00:35', '2024-06-21 21:00:35', '2025-06-21 21:00:35'),
('3b704c445930fcde7b8bbedea7a4674761eac20211466a76b2aa1adc5eaa240ac41078d4d4bf4bef', 60, 3, 'MyApp', '[]', 1, '2025-03-04 02:15:23', '2025-03-04 02:15:23', '2026-03-04 02:15:23'),
('3e9ee40a623a03de51c4771705e62135ddd94b9538f2147a9381f2979225a857df3eb4e49077a7a6', 67, 3, 'MyApp', '[]', 0, '2025-03-04 21:48:51', '2025-03-04 21:48:51', '2026-03-04 21:48:51'),
('420aeaff817a76202ba20d0d50690c1a733b78ad16a1e5a2d33edc92cb74615414e553b439e85aac', 2, 1, 'MyApp', '[]', 0, '2024-06-21 20:07:13', '2024-06-21 20:07:13', '2025-06-21 20:07:13'),
('444b537f9975e424729e9587a9af834419680587484d1b0f6e9f0226520ee381774c4822cf80acdb', 48, 3, 'MyApp', '[]', 0, '2025-03-04 00:45:35', '2025-03-04 00:45:35', '2026-03-04 00:45:35'),
('447d2ddfb5fb5af942d8b8a90438a9c1d838fac9c224549edfc17922993a5c88d5b67b5bbf066cbf', 37, 3, 'MyApp', '[]', 0, '2025-03-01 04:16:36', '2025-03-01 04:16:36', '2026-03-01 04:16:36'),
('4686b24d4dc41a94b8478a46f1206988329fb57c71137c07a6ea702aaa693992bc017e08b7bd513a', 51, 3, 'MyApp', '[]', 0, '2025-03-04 01:31:45', '2025-03-04 01:31:45', '2026-03-04 01:31:45'),
('4780d2ca08efb0c7d80a6b690251a9f35b536ecef20dab29fd2d564e7e5426de375ae8728c8f2aaf', 28, 3, 'MyApp', '[]', 1, '2025-02-27 23:11:42', '2025-02-27 23:11:42', '2026-02-27 23:11:42'),
('48f8e4234010b47acf500018efc8fea4c4bef0cf638a0a752ac514dc8a0b2c14590d13827347a773', 64, 3, 'MyApp', '[]', 0, '2025-03-04 02:38:59', '2025-03-04 02:38:59', '2026-03-04 02:38:59'),
('4e00dd40cb2f890a24b3f0ef53b335317df217269db06b09ddb5f0982b26e8b94b97b10d0d3b090b', 21, 1, 'MyApp', '[]', 0, '2024-07-12 17:29:38', '2024-07-12 17:29:38', '2025-07-12 17:29:38'),
('4e14a9e13a43b5ad0cfce2299abbb97462054f75c188d10931bea2e89b9ba3f0737fdde62c0b646e', 2, 1, 'MyApp', '[]', 0, '2024-06-24 20:49:09', '2024-06-24 20:49:09', '2025-06-24 20:49:09'),
('4fdecf812cf9e4965b65de741a6fdf1ca5f743807b556bcc209f58ce0a2a0cb33632b61b50dac5f2', 2, 1, 'MyApp', '[]', 0, '2024-06-24 17:33:53', '2024-06-24 17:33:53', '2025-06-24 17:33:53'),
('4fdf1c05733100374b5ef2d617f0558b0869cb405716344705467fe29384f27e7c4e391f5b90c09d', 28, 3, 'MyApp', '[]', 1, '2025-02-27 23:29:20', '2025-02-27 23:29:20', '2026-02-27 23:29:20'),
('515fff4380dbe9971e95d844f6fc7a436c4043f6f8b50f7e278fef259082af990223171a1d0633b7', 84, 3, 'MyApp', '[]', 0, '2025-03-04 21:30:58', '2025-03-04 21:30:58', '2026-03-04 21:30:58'),
('524d11f35004c274e81377fcdb47b84e993d6a282a993e46fc486f363b698cfcdd924563b1b629f0', 44, 3, 'MyApp', '[]', 1, '2025-03-03 21:50:21', '2025-03-03 21:50:21', '2026-03-03 21:50:21'),
('52b2536820827028441b42e42d469a4b08554157eed4c5356aa3cc18d5590d546ba4f3ef5e8b13bc', 2, 1, 'MyApp', '[]', 0, '2024-07-03 19:22:57', '2024-07-03 19:22:57', '2025-07-03 19:22:57'),
('52ebdc9a0ce1b19026cff1e200ef00bdd6cf0f516c94269779c1d351c753534f2325e465d2a97f97', 27, 1, 'MyApp', '[]', 0, '2025-02-24 23:33:12', '2025-02-24 23:33:12', '2026-02-24 23:33:12'),
('53bd5417412e85cc806a9905a3d3e13d1550d9ff1bb32277d90250c5d2cc821c2239afb10471d3c7', 90, 3, 'MyApp', '[]', 0, '2025-03-04 19:39:27', '2025-03-04 19:39:27', '2026-03-04 19:39:27'),
('556b49ddafd58f91b7c99bc3084c6a1c6c81ef32a1cc82c40afc555266f147502f6487167d97e3f9', 26, 3, 'MyApp', '[]', 0, '2025-02-26 19:35:13', '2025-02-26 19:35:13', '2026-02-26 19:35:13'),
('55a25221236f2480af14e13bb80646f2f04ae622b5ca3f46925c83bff2c00f2cfdf8543cdd2d7af1', 14, 1, 'MyApp', '[]', 1, '2025-02-25 20:52:31', '2025-02-25 20:52:31', '2026-02-25 20:52:31'),
('56c2a0414ac615369f707d1c8b9a72aaf3ab77107ee1be9a81eac792d35196ae2a9a2fdd712e558c', 3, 1, 'MyApp', '[]', 0, '2024-06-24 23:42:17', '2024-06-24 23:42:17', '2025-06-24 23:42:17'),
('5a0754491dd4f192c2ffc47ac369887d86531d7c3f2f5d77332314b4da5ca27ad1ccd25a8fa990b6', 9, 1, 'MyApp', '[]', 0, '2024-07-11 13:29:16', '2024-07-11 13:29:16', '2025-07-11 13:29:16'),
('5a4c91b69ef2c919c77a9594fa3fb47d20caaff3ab2ee6248db70a450acf230af99fcedd5802813c', 40, 3, 'MyApp', '[]', 1, '2025-03-02 05:22:01', '2025-03-02 05:22:01', '2026-03-02 05:22:01'),
('5bb63e7e0fb26a72c9a6d653318ea08340bf0398d78d5da10c87180929a71e6fa5f18a8d1c2f7e11', 2, 1, 'MyApp', '[]', 0, '2024-06-11 19:09:46', '2024-06-11 19:09:46', '2025-06-11 19:09:46'),
('5c5580a01addf9e6e947c22cc15ec1ef9fceae6fc5baf9a4e97d8e759af82cd5b4f83bb6ff263a5e', 9, 1, 'MyApp', '[]', 0, '2024-06-05 17:43:34', '2024-06-05 17:43:34', '2025-06-05 17:43:34'),
('5cf9d953f3db41085c3652145a597ecdc1936420c8a8b65b754d49811984957d995f53ab8f5b3e55', 81, 3, 'MyApp', '[]', 0, '2025-03-04 19:00:34', '2025-03-04 19:00:34', '2026-03-04 19:00:34'),
('5e4119f2969387d628fd3d02b64b5b7e8df2ca21496ee7387bb192df56c2a81538d615c3480537b1', 28, 3, 'MyApp', '[]', 0, '2025-02-27 16:45:38', '2025-02-27 16:45:38', '2026-02-27 16:45:38'),
('5e4fc0800aa2191d1d62b810eb2260db6b34aca056cc814daa14cf4de6a229ad9bf60ba0a12f42a0', 42, 3, 'MyApp', '[]', 0, '2025-03-03 19:03:28', '2025-03-03 19:03:28', '2026-03-03 19:03:28'),
('5f925ab8778c04163b9d0412376f83b2b44675473ba8fbd8f1913f761f16c986bbd067b595464820', 78, 3, 'MyApp', '[]', 1, '2025-03-04 18:05:02', '2025-03-04 18:05:02', '2026-03-04 18:05:02'),
('60112f5f237abafd863d2480549a738a4d512f5bdf06072e37533df6549bcceee55b0bdd1b49b86d', 79, 3, 'MyApp', '[]', 0, '2025-03-04 19:10:43', '2025-03-04 19:10:43', '2026-03-04 19:10:43'),
('60925a17e3ec768135cfd52270dd27102b2fc14273bfe78c852a54571412eb49fbafd54c9dfd2c69', 52, 3, 'MyApp', '[]', 1, '2025-03-04 01:26:36', '2025-03-04 01:26:36', '2026-03-04 01:26:36'),
('61242287c2afc2de814bf6fad766feb0bbea8d3dbeeca9097050bd9064f49ba0ce585528386ce82c', 86, 3, 'MyApp', '[]', 0, '2025-03-04 19:21:50', '2025-03-04 19:21:50', '2026-03-04 19:21:50'),
('639343022b16c3415dc63c4f9111d43c016dd95f273ee7bfa8e59550649bfddce442ae1d339ac6f1', 28, 3, 'MyApp', '[]', 1, '2025-02-27 23:32:31', '2025-02-27 23:32:31', '2026-02-27 23:32:31'),
('6441391ab3833707be621bf0e3a3613051ca1d05f07c8afad5d6d6992ff82a5ba266a54dde140137', 97, 3, 'MyApp', '[]', 0, '2025-03-04 21:59:48', '2025-03-04 21:59:48', '2026-03-04 21:59:48'),
('6595044d44331cbb0c2ce2e5783cedf2c99e49381391205d043a6116bc99c26d30944c3badcfec55', 2, 1, 'MyApp', '[]', 0, '2024-06-11 17:54:22', '2024-06-11 17:54:22', '2025-06-11 17:54:22'),
('663afc41deeaf72f2a060a67f5712d5a4bbe5670410171f731833ccec5c68e7d9c7707bcd10e9abe', 14, 1, 'MyApp', '[]', 0, '2025-02-25 20:53:20', '2025-02-25 20:53:20', '2026-02-25 20:53:20'),
('676503ed7e68a17191cb05f3b69c94a085693af6e36208779e1c388aded3ca16ecc6a2c400c275e1', 85, 3, 'MyApp', '[]', 0, '2025-03-05 01:33:04', '2025-03-05 01:33:04', '2026-03-05 01:33:04'),
('69667d578c697c81a832685e226a6db6bd2f1512aa1ef243557bf51366ec1773d03b3fae4df07793', 84, 3, 'MyApp', '[]', 1, '2025-03-04 19:10:04', '2025-03-04 19:10:04', '2026-03-04 19:10:04'),
('69ae96fc3619d180976c981ad7bfa12a12bd1b53fa6b41c1d7bbf24a4541eda1d60866079dda3d31', 63, 3, 'MyApp', '[]', 1, '2025-03-04 02:31:40', '2025-03-04 02:31:40', '2026-03-04 02:31:40'),
('69fa59714530ce45a05b49df0ae6b957279bd7e19d8167462a3506dbb70a52c08cff6540fb659cd3', 25, 1, 'MyApp', '[]', 1, '2024-07-12 17:48:09', '2024-07-12 17:48:09', '2025-07-12 17:48:09'),
('6a8fc1ae3cef88f1c7dc99a6d21b1d12652ceb1b1b28a7e04aeb2879741381ffee38d9b08015886a', 26, 3, 'MyApp', '[]', 0, '2025-02-26 05:01:22', '2025-02-26 05:01:22', '2026-02-26 05:01:22'),
('6b37283ae704267137e7a795f38935a04e8f690ef446d71855308f9ca7a5b721e3d9fc7376c80487', 2, 1, 'MyApp', '[]', 0, '2024-06-24 22:04:10', '2024-06-24 22:04:10', '2025-06-24 22:04:10'),
('6b9fcbd0b5f762d4f9ec7589c6ae288e8ef8ef0ff6c05b044ae9f56a294c0c760449c7e9b028abe1', 29, 3, 'MyApp', '[]', 1, '2025-02-27 18:11:56', '2025-02-27 18:11:56', '2026-02-27 18:11:56'),
('6bf75e4ebd179932ae0fdb60bbaee2c3a036a056a1eff199d9bdaec4bdb55e5018d9dd4156ad4f0d', 28, 3, 'MyApp', '[]', 1, '2025-02-27 23:10:35', '2025-02-27 23:10:35', '2026-02-27 23:10:35'),
('6c0691849285f768ccef8dff465a751c120a292a54ba3aada0aa1f48338243907d2feb2600d52e6c', 79, 3, 'MyApp', '[]', 1, '2025-03-04 19:07:26', '2025-03-04 19:07:26', '2026-03-04 19:07:26'),
('6cddaa63f76fbb297a5e5317b9cf172291d48a4a8a377be286f05f259112bade50ad51b707e6ceef', 2, 1, 'MyApp', '[]', 0, '2024-06-22 00:34:38', '2024-06-22 00:34:38', '2025-06-22 00:34:38'),
('6e84a6bd3c2ba00fe508bfa8d8ac4b02337af28fc889f624a013305908f5b75c7e50e2ad8d5dcaed', 62, 3, 'MyApp', '[]', 0, '2025-03-04 02:22:48', '2025-03-04 02:22:48', '2026-03-04 02:22:48'),
('6f0033717de5d1db7f86aa08a86c89aafcd4cd7ab8dbcba2da053a841e8e76797c1f804131695cb2', 28, 3, 'MyApp', '[]', 1, '2025-02-27 22:43:35', '2025-02-27 22:43:35', '2026-02-27 22:43:35'),
('6f47bab3573bc8584c0d3777018677fbc8a6623b08626151aee2f4ce1cb36fcbd32c3f64a923f283', 57, 3, 'MyApp', '[]', 1, '2025-03-04 01:51:15', '2025-03-04 01:51:15', '2026-03-04 01:51:15'),
('7051890b72b350cd0603cd832569d12be5fbf74c7acd45e039d2ea2e1164e01f1baffbc01a0fc73e', 57, 3, 'MyApp', '[]', 1, '2025-03-04 01:55:20', '2025-03-04 01:55:20', '2026-03-04 01:55:20'),
('705f2de79f4df0b962b27eb706816227ab15fc63a90c32aa84ed2c62d404be9cf098c20212fb14a3', 14, 3, 'MyApp', '[]', 1, '2025-02-26 17:43:32', '2025-02-26 17:43:32', '2026-02-26 17:43:32'),
('709a22d3b889395bd244ade6874e24f1847442ddcf9b1fa6c294435ad972ca3717cfe5e186f74464', 88, 3, 'MyApp', '[]', 1, '2025-03-04 19:32:57', '2025-03-04 19:32:57', '2026-03-04 19:32:57'),
('72cfb8b8958805442d427ded486b3ca9178b7fa6213a6ea64f4cda2be31331416f0d7b41345e1cb8', 2, 1, 'MyApp', '[]', 1, '2024-06-24 20:47:31', '2024-06-24 20:47:31', '2025-06-24 20:47:31'),
('77bd30f395bbb94dd1473d61c1e6d6ee818d28824ba35e0738439aa5e964963430756c7360615542', 94, 3, 'MyApp', '[]', 0, '2025-03-04 19:52:59', '2025-03-04 19:52:59', '2026-03-04 19:52:59'),
('78d2d1a2abc0888f22434402469ffcb2cff62e1f7d4926eda136b200abd17f6443127bc635cdc5af', 26, 3, 'MyApp', '[]', 0, '2025-02-26 05:49:31', '2025-02-26 05:49:31', '2026-02-26 05:49:31'),
('78e698163e549498fb026895ee6cb6dcf2928e0eb31dd84a10c8b5c7e30b99f87f3c0fe8a160a44d', 85, 3, 'MyApp', '[]', 1, '2025-03-04 19:19:36', '2025-03-04 19:19:36', '2026-03-04 19:19:36'),
('79692d20183d2b20d6091d838473cf4fb72f378c624caf4f1254b81ddb2a784658bd102bab1f45c0', 9, 1, 'MyApp', '[]', 1, '2024-06-26 14:49:55', '2024-06-26 14:49:55', '2025-06-26 14:49:55'),
('7b4b015a7e509919556e00cb62e5c3244954871a0b692d81cb5c8f89d3d85346f6490dccbeaf813f', 9, 1, 'MyApp', '[]', 0, '2024-06-13 14:09:42', '2024-06-13 14:09:42', '2025-06-13 14:09:42'),
('7b52643e426445718131912cd747720cedd7ff3548196bfb109c80383bb9a7791c73c6d1867fadb2', 2, 1, 'MyApp', '[]', 0, '2024-06-21 20:16:07', '2024-06-21 20:16:07', '2025-06-21 20:16:07'),
('7c2547d0a674cdf71f28255ed502e5d98c03aead630d315a025d9cea8fe742491168c07f38f7bd59', 9, 1, 'MyApp', '[]', 0, '2024-07-10 17:59:29', '2024-07-10 17:59:29', '2025-07-10 17:59:29'),
('7d06a3e6f173b23fb7ebfb02ab5ac0077659fe96623a5ecfc59d52d2471f4dc7ff4dc9bb908f39b1', 95, 3, 'MyApp', '[]', 0, '2025-03-04 20:04:35', '2025-03-04 20:04:35', '2026-03-04 20:04:35'),
('80aeb3b051ec96c22283262ffed7a194cf5c90bb3fa7f997d5806e29200558e240d56cf3ef885203', 46, 3, 'MyApp', '[]', 1, '2025-03-04 00:25:52', '2025-03-04 00:25:52', '2026-03-04 00:25:52'),
('817169916700af429c617fee616886cb380a3c2bbdf203e0b3e7e2fd89d6fa9c66302e41332e1cb6', 27, 1, 'MyApp', '[]', 1, '2025-02-24 20:18:23', '2025-02-24 20:18:23', '2026-02-24 20:18:23'),
('8192ce58495f1613642971786ebdd742f40ba1ee5243e6d0c69c81d68ced579b643e72dd52cc589b', 14, 3, 'MyApp', '[]', 1, '2025-02-26 17:32:07', '2025-02-26 17:32:07', '2026-02-26 17:32:07'),
('81b909b4ee32b2a24eb0d8998cf4fa5be702a58815cc9e933d5cbfeaac3148918b757c38ba029300', 9, 1, 'MyApp', '[]', 0, '2024-06-05 18:23:41', '2024-06-05 18:23:41', '2025-06-05 18:23:41'),
('8283464fd1ebc09e8e825158fe8c4b3e1356d287cd48badbb017d436a5fe6fd537903220fcc91751', 2, 1, 'MyApp', '[]', 0, '2024-06-24 17:28:06', '2024-06-24 17:28:06', '2025-06-24 17:28:06'),
('837f1ecd7d77b730dabfb1d913677d9d220ba5c40ece4cd46d1c5fa40163177e2513dc5c1d8459b1', 7, 1, 'MyApp', '[]', 0, '2024-06-05 00:18:43', '2024-06-05 00:18:43', '2025-06-05 00:18:43'),
('83a070ea2a31c3a64be1ead19a82c7561f20253e7e4caa44de8b88a590a42cb5e297dddba3b9f919', 28, 3, 'MyApp', '[]', 1, '2025-02-27 23:18:36', '2025-02-27 23:18:36', '2026-02-27 23:18:36'),
('8499fcd2b38885db3bb4f47f38135c4e11e281569d7f93d9cfba37903b6a5c837498a33e7a647eb6', 68, 3, 'MyApp', '[]', 0, '2025-03-05 13:29:38', '2025-03-05 13:29:38', '2026-03-05 13:29:38'),
('84e2aaafcd9f2a9bd7eff51e89bb3575d6067ccbda76a90e58910c53345773b0b9ef5ff67f188b33', 2, 1, 'MyApp', '[]', 0, '2024-06-11 18:40:15', '2024-06-11 18:40:15', '2025-06-11 18:40:15'),
('8576c0faf42f7daa9e7e31697a1d443517a929749a1818b38e08743866a5b290834bf626c70598ec', 14, 3, 'MyApp', '[]', 0, '2025-02-26 17:32:46', '2025-02-26 17:32:46', '2026-02-26 17:32:46'),
('86d851b23bcfd48d2c68f6d0c9beb925b5fdb1d94f327f26a0a0947024f0acb01541204de97cc0a0', 19, 1, 'MyApp', '[]', 1, '2024-07-03 19:48:02', '2024-07-03 19:48:02', '2025-07-03 19:48:02'),
('8b141c3126a6dfd98d05e32855175c2384c4bb725718d1390f1ba112fab6b4d1d51f9bbe214289a0', 85, 3, 'MyApp', '[]', 1, '2025-03-05 01:30:45', '2025-03-05 01:30:45', '2026-03-05 01:30:45'),
('8d4fdeb251b39c2426976339db5e368f46109caf3782995ea3dbcfcf7d1cb50824edda8f38aee8ac', 26, 3, 'MyApp', '[]', 1, '2025-02-26 19:22:56', '2025-02-26 19:22:56', '2026-02-26 19:22:56'),
('8db53b55697e763ec114501b60c4b1366b46ed2aa67cb885d06be9f63a422bf9cad9dd9c0206dc0e', 98, 3, 'MyApp', '[]', 0, '2025-03-04 23:19:46', '2025-03-04 23:19:46', '2026-03-04 23:19:46'),
('8ed4ec1b0e08099fbd2d9d2978221f15face1579d470ca9bd812865061dd6986fa782a1ce991e425', 70, 3, 'MyApp', '[]', 1, '2025-03-04 16:57:40', '2025-03-04 16:57:40', '2026-03-04 16:57:40'),
('905bdf8dcb39eed2c6fcc9af6604c84bc5c3c82c7d0236acc13eda436da9bb3c6e96a6ed08a145ca', 2, 1, 'MyApp', '[]', 0, '2024-06-27 16:31:00', '2024-06-27 16:31:00', '2025-06-27 16:31:00'),
('90769bb5be54cd98b4bac084bccd1227cd129818415b746393c7fc84fa4dc277f663148d515cee9a', 102, 3, 'MyApp', '[]', 0, '2025-03-06 19:06:17', '2025-03-06 19:06:17', '2026-03-06 19:06:17'),
('9395c3031b481996d3b02c9f724d44c99f0514d96ac3d0108eb8ee1512b8ac9f957dc92f38919aec', 41, 3, 'MyApp', '[]', 1, '2025-03-03 18:26:45', '2025-03-03 18:26:45', '2026-03-03 18:26:45'),
('95d0a44325059b1131b8b9e758f768cbb2f442508052e73a9ae89f65f1dd335e57aca7e2bda52f79', 27, 1, 'MyApp', '[]', 1, '2025-02-24 23:00:41', '2025-02-24 23:00:41', '2026-02-24 23:00:41'),
('961e32ff20ab22dcca0ce1b4f87913d57efa9202a789dbc1ea97fb5243e584585c94d2c28ece52eb', 99, 3, 'MyApp', '[]', 0, '2025-03-05 00:27:44', '2025-03-05 00:27:44', '2026-03-05 00:27:44'),
('96d7a3a2bb1eba9b44dcaa79161631f3652f98eddc7208396436bb84188be96813e1adaaed3ea00a', 83, 3, 'MyApp', '[]', 1, '2025-03-04 19:05:32', '2025-03-04 19:05:32', '2026-03-04 19:05:32'),
('97300c4b3d730265be9b984d2c515ff528412a50a8209cbef72f3803704efdade98b4e4739e45006', 26, 3, 'MyApp', '[]', 1, '2025-02-26 06:18:30', '2025-02-26 06:18:30', '2026-02-26 06:18:30'),
('9808325859466269b6f31876dc7af41acc9dba74d5edbe9815bb22a09e156fbb49ec9f8d567163b5', 100, 3, 'MyApp', '[]', 1, '2025-03-05 01:16:16', '2025-03-05 01:16:16', '2026-03-05 01:16:16'),
('98c5229381d22e11e4fbafb97192c03f896cce9854b1160210f54d767f9f53f43d490eae8e7efd19', 28, 3, 'MyApp', '[]', 1, '2025-02-27 23:35:17', '2025-02-27 23:35:17', '2026-02-27 23:35:17'),
('9954091eaf2de984f2211ca641bd20d49117d7eae56f3789276b65ab85e1336b1b71c6aa30ff2d17', 26, 3, 'MyApp', '[]', 1, '2025-02-26 08:10:49', '2025-02-26 08:10:49', '2026-02-26 08:10:49'),
('9c0872c4db448130059179b048741c0ae5383a45cfa16360224bbe40b7e64fc5b38dcb65224fdcb9', 9, 1, 'MyApp', '[]', 0, '2024-06-10 12:52:58', '2024-06-10 12:52:58', '2025-06-10 12:52:58'),
('9c0ff14e447315c408c895825643bccfb53d8d82347b8e1be64b25308d6734da0461244a47ed4ea4', 101, 3, 'MyApp', '[]', 0, '2025-03-05 12:13:54', '2025-03-05 12:13:54', '2026-03-05 12:13:54'),
('9c1630ee216e39c99d8491b6852c387db6354ffe121fbeb9edc660b48d2fe8ae03fcc29702412b52', 9, 1, 'MyApp', '[]', 0, '2024-07-11 15:06:36', '2024-07-11 15:06:36', '2025-07-11 15:06:36'),
('9ca68088143e3327df82a9a928f1509ebbca5fa8add52c4e9a3b5f8f44a0bfe1e6982423ca86df57', 28, 3, 'MyApp', '[]', 1, '2025-02-28 22:26:19', '2025-02-28 22:26:19', '2026-02-28 22:26:19'),
('9e3cc6910607a7bc62ff3e4f5c5ff30003c421e2bfe0474b30b619d46b65b30c04a548421f02adf2', 20, 1, 'MyApp', '[]', 0, '2024-07-05 19:11:09', '2024-07-05 19:11:09', '2025-07-05 19:11:09'),
('9e60844529b6dc322e3d5f54db455cab0cff72807bdc87d964e375af0f05ff857170f5b044961f3b', 80, 3, 'MyApp', '[]', 1, '2025-03-04 18:59:22', '2025-03-04 18:59:22', '2026-03-04 18:59:22'),
('9ee9a98f9034fd80f18deea9d3a80047b3de56daf546af8909ae66a0bd661a69a25673a8157b3c14', 22, 1, 'MyApp', '[]', 0, '2024-07-12 17:35:11', '2024-07-12 17:35:11', '2025-07-12 17:35:11'),
('9f6fdf3f4b6f477b2cce4a2659da6504c4bd3b6ab59851525c101324c4e56fef7119dc6484540a01', 26, 3, 'MyApp', '[]', 0, '2025-02-27 14:09:11', '2025-02-27 14:09:11', '2026-02-27 14:09:11'),
('9f7e09b09bcd17ab41592fad96d399e1709d24cd3344602bed1df2a1dffcf9c52684e33c1375072d', 28, 3, 'MyApp', '[]', 1, '2025-02-28 04:40:38', '2025-02-28 04:40:38', '2026-02-28 04:40:38'),
('a3385c6964f930796612c8fe017fe3f849fd05b02f0942bd089857b106b385a2f599b3a663cd3b7e', 35, 3, 'MyApp', '[]', 0, '2025-03-01 04:14:51', '2025-03-01 04:14:51', '2026-03-01 04:14:51'),
('a44b046ff6729897bf6ea3616eece004982163c48be42561f0d80fc0b0b915e8f9ab48429338cf3b', 96, 3, 'MyApp', '[]', 1, '2025-03-04 20:05:15', '2025-03-04 20:05:15', '2026-03-04 20:05:15'),
('a530e35b7b46a5bcb599cba26c7fac89f4f91d624abebb4e6b3d46716ce011d580e98a2268a71963', 50, 3, 'MyApp', '[]', 0, '2025-03-04 01:17:39', '2025-03-04 01:17:39', '2026-03-04 01:17:39'),
('a596a622d072e3050274d572430e0b6ac87d6f676b22a163d6e97ad3def5a3b456a743a69982fb2c', 2, 1, 'MyApp', '[]', 0, '2024-06-24 17:00:30', '2024-06-24 17:00:30', '2025-06-24 17:00:30'),
('a80b9284a8045bf3cf92a3feaccef4a5d19919b6048561661aa5e1c9a9fb0c9b3973a7c5bd82cd49', 7, 1, 'MyApp', '[]', 0, '2024-06-05 00:19:21', '2024-06-05 00:19:21', '2025-06-05 00:19:21'),
('a84fdc52ffca126e3b1346cdbec34e9b20ee5a0df66330177677f58206e83c575a161a6d5e6899d4', 36, 3, 'MyApp', '[]', 0, '2025-03-01 04:15:11', '2025-03-01 04:15:11', '2026-03-01 04:15:11'),
('a958898a56c573be947013385a18976b71b91e2e1babf7ac12ea9d910fa5ea7d7efe12dcecd93733', 87, 3, 'MyApp', '[]', 0, '2025-03-04 19:31:17', '2025-03-04 19:31:17', '2026-03-04 19:31:17'),
('af6200d99b5963a8c3064ce0f4be3869d3e528130debcc67c49a00e9d886afb8995e8e890cad4bd4', 71, 3, 'MyApp', '[]', 0, '2025-03-04 19:38:43', '2025-03-04 19:38:43', '2026-03-04 19:38:43'),
('af8e3163ebf47a18594671c41f8c8f18a7aa8398d482e89d63c68dc3f559fefbc5367697f3174792', 19, 1, 'MyApp', '[]', 0, '2024-07-03 19:47:30', '2024-07-03 19:47:30', '2025-07-03 19:47:30'),
('afbc0a6e0b79e8096f27580fdceced941104bf10e86f2e5275f5446430b5220d2ea4dfa112678624', 76, 3, 'MyApp', '[]', 0, '2025-03-04 18:05:02', '2025-03-04 18:05:02', '2026-03-04 18:05:02'),
('b077820c218ee72015b45f9462ec66dc350a6a7d83fbff7a460e988d39ffac312945a56ea7fa2ddf', 51, 3, 'MyApp', '[]', 1, '2025-03-04 01:23:25', '2025-03-04 01:23:25', '2026-03-04 01:23:25'),
('b26226e72a298aacf308ba2b916544cb76610f4d0059fa359721452a476a1e6d50732e229e12d452', 26, 3, 'MyApp', '[]', 1, '2025-02-26 05:49:52', '2025-02-26 05:49:52', '2026-02-26 05:49:52'),
('b3a33087e0b505e6d9bc274746f395d6b654bca165f2ba18a48edff7a87960acb419f3a5a7e3179e', 82, 3, 'MyApp', '[]', 0, '2025-03-04 19:10:08', '2025-03-04 19:10:08', '2026-03-04 19:10:08'),
('b534bcbe1523d7441eb70273fc77d6656c1236be03d03e323c472083b5c0e50fd23395889e8c8761', 91, 3, 'MyApp', '[]', 1, '2025-03-04 19:40:16', '2025-03-04 19:40:16', '2026-03-04 19:40:16'),
('b99e41c6943d118ca332167f4e36d6700f0bb54569b6040a4ed7cfd041f33018ffa08d6043416efc', 27, 1, 'MyApp', '[]', 0, '2025-02-24 22:05:43', '2025-02-24 22:05:43', '2026-02-24 22:05:43'),
('bb4592a0fbea792f51caca64a97591ba1398ff6010ad01559c3a5b94c48201a71242f93ec2cd8f7b', 26, 3, 'MyApp', '[]', 1, '2025-02-26 19:14:15', '2025-02-26 19:14:15', '2026-02-26 19:14:15'),
('bbb8d5faf8620b1e662db90fc724ba1355f01186b6ccd6f12d21a8c5bf794eb7d57fd924088dc2c8', 28, 3, 'MyApp', '[]', 0, '2025-02-27 17:02:30', '2025-02-27 17:02:30', '2026-02-27 17:02:30'),
('be7a8c4cf4ba21c2a15fb0540a0e680b61a23764b5b4bb99f0e93990ea761bfbcd3e0c20f0e19a1a', 39, 3, 'MyApp', '[]', 1, '2025-03-01 04:17:43', '2025-03-01 04:17:43', '2026-03-01 04:17:43'),
('bef160ae86cb59f01fcf78385f743a8c5138e2ed2f0dc43ef4d083f955ab2bb8e9a0661f87fa6bba', 14, 1, 'MyApp', '[]', 1, '2025-02-25 21:07:39', '2025-02-25 21:07:39', '2026-02-25 21:07:39'),
('c14fe834c8fd498ea990dd8a1b3df9ed285cc7d3cf3c3c441043df5a2960cf6879be158afe78758d', 9, 1, 'MyApp', '[]', 0, '2024-07-10 19:55:48', '2024-07-10 19:55:48', '2025-07-10 19:55:48'),
('c2013b26d78ab925299b7a272380b27ec03a0c85fe7d5e714609abb43906d6ecb4898c2f94d3a112', 26, 3, 'MyApp', '[]', 1, '2025-02-26 04:38:29', '2025-02-26 04:38:29', '2026-02-26 04:38:29'),
('c87e61ea1ca34911461e8aad4ebe85d4f4f5a6928f2ca13c62798d17030eee75a2973341dfe21dda', 28, 3, 'MyApp', '[]', 0, '2025-02-27 23:10:28', '2025-02-27 23:10:28', '2026-02-27 23:10:28'),
('ca44ae084e04c4ff368057be424e4ddbc89945b96eaefd388fc2c907bd273739106d071604b4a0f4', 28, 3, 'MyApp', '[]', 1, '2025-02-27 23:26:14', '2025-02-27 23:26:14', '2026-02-27 23:26:14'),
('cb290bbe7289ab6661267512855358bc84806ae5d4713277873cbda62c3d234b5543bb3cb966cd3d', 38, 3, 'MyApp', '[]', 0, '2025-03-01 04:17:06', '2025-03-01 04:17:06', '2026-03-01 04:17:06'),
('cb9e8ea6476e655b91ff2c87447085de12931cfa8543c5cf1fe1552165149d3eea45cde38dfc65cf', 65, 3, 'MyApp', '[]', 1, '2025-03-04 03:02:12', '2025-03-04 03:02:12', '2026-03-04 03:02:12'),
('cd2bf329c0421784ec6714f0d89b5c07b0cc7fda6c1f34ed66699421d0db364a87ed7781af94bf6a', 91, 3, 'MyApp', '[]', 1, '2025-03-04 19:47:30', '2025-03-04 19:47:30', '2026-03-04 19:47:30'),
('ce8815898ebb949937ca0c7b033997965404ee01bf7218c5ae40daf6c1b51793144792ae3080b725', 58, 3, 'MyApp', '[]', 0, '2025-03-04 02:07:31', '2025-03-04 02:07:31', '2026-03-04 02:07:31'),
('cea415788d325b4cde533a5052b865285d56e611db59bcbd85a3ec4c3711d5a7ad2a7a83c5249d2b', 24, 1, 'MyApp', '[]', 0, '2024-07-12 17:42:58', '2024-07-12 17:42:58', '2025-07-12 17:42:58'),
('cf84e6b45785c73de92b58a6769203b3974125d63be8ee8f96c23bf85bd736fba5fd5211ebd48c6e', 11, 1, 'MyApp', '[]', 0, '2024-06-26 17:45:34', '2024-06-26 17:45:34', '2025-06-26 17:45:34'),
('d16a02373d12f652f20b09901559aa39ef8c73ab4e61b593ba0a83ab9acf08a7480fd18f778da7b1', 27, 1, 'MyApp', '[]', 1, '2025-02-25 19:17:31', '2025-02-25 19:17:31', '2026-02-25 19:17:31'),
('d5a8b4e0ffac65ae18d8ea08c0176fd8322151fa6dd78aca6014e4874abe674f53cfd70302a50b76', 34, 3, 'MyApp', '[]', 1, '2025-03-02 00:50:48', '2025-03-02 00:50:48', '2026-03-02 00:50:48'),
('d611d892974058a0ae1740e58c20e914d40a031368a96c8f5a117af3a582516c698fb5fc94232ad5', 25, 1, 'MyApp', '[]', 1, '2024-07-12 17:47:45', '2024-07-12 17:47:45', '2025-07-12 17:47:45'),
('d64ee84b710512cc837c11b0249b6d038e25b1aa6cc82adeadfed40fa174d29e72a4a732d55ba108', 47, 3, 'MyApp', '[]', 1, '2025-03-04 00:36:51', '2025-03-04 00:36:51', '2026-03-04 00:36:51'),
('d94fd7aac5adbd541c7a982a2d6589f23a51ae938371d07de021e7ebb113dd61df8a0ecc48e8dadf', 23, 1, 'MyApp', '[]', 0, '2024-07-12 17:42:29', '2024-07-12 17:42:29', '2025-07-12 17:42:29'),
('d9562e9df44036f6199625c2305db0d74a84187136b669bc1dd9ff41efeeb77f7f2e80445746a650', 79, 3, 'MyApp', '[]', 1, '2025-03-04 18:48:45', '2025-03-04 18:48:45', '2026-03-04 18:48:45'),
('dea8b5b7560b9ffd98be4c9db461ace6a17e5ff80900cd16ef9f57b5913cb2416098ca5747bc5ed2', 26, 1, 'MyApp', '[]', 0, '2025-02-24 17:03:20', '2025-02-24 17:03:20', '2026-02-24 17:03:20'),
('e23b6d3258d4f197288bcc3b621cc5d5a65044a912f872deb596031fa888fd2ff87290f4248f94bc', 75, 3, 'MyApp', '[]', 0, '2025-03-04 18:05:02', '2025-03-04 18:05:02', '2026-03-04 18:05:02'),
('e3734d8e197f841c0d38c304a1634134e96276fca5822a7500c45d0e341b83c027aaaaf23a307684', 71, 3, 'MyApp', '[]', 1, '2025-03-04 17:27:53', '2025-03-04 17:27:53', '2026-03-04 17:27:53'),
('e3ba825e65ae866d21e0d47fc7fdfda332b7a29cc0acc8aa91e93a0c0877cf920f5635dcf14fc075', 89, 3, 'MyApp', '[]', 1, '2025-03-04 19:38:52', '2025-03-04 19:38:52', '2026-03-04 19:38:52'),
('e474bb321e60a522538372bc1166dd1a712ddf612e38fe3a8bd34121ee57e3077d5454e74b865ef0', 27, 1, 'MyApp', '[]', 1, '2025-02-24 22:06:45', '2025-02-24 22:06:45', '2026-02-24 22:06:45'),
('e5bf2f7c25438de71f6a70bd235746d8f363530ec6904df2b8edf6894c23554dfb2446e726990135', 9, 1, 'MyApp', '[]', 1, '2024-07-01 15:49:36', '2024-07-01 15:49:36', '2025-07-01 15:49:36'),
('e6b9ce470ca53ebcd7d1672f912c06629c87e23d23b03fdcda60470db15c7c0dea57b83fb7c98b20', 10, 1, 'MyApp', '[]', 0, '2024-06-06 18:57:31', '2024-06-06 18:57:31', '2025-06-06 18:57:31'),
('ea95af8b5eac7551cc1fe94af061c6bdecfa39a7e9b53babbe27f4de0a1778a1e4e711dfefd79c07', 2, 1, 'MyApp', '[]', 0, '2024-06-21 21:55:50', '2024-06-21 21:55:50', '2025-06-21 21:55:50'),
('ec96ce842208378b665e281de4e4edbbdffec039a0b99e9a52f395bd45502487d81de79306d2737d', 28, 3, 'MyApp', '[]', 1, '2025-02-27 23:26:58', '2025-02-27 23:26:58', '2026-02-27 23:26:58'),
('eed48b0ad94ac8b5cbce6530713f3ef4c8aa9179b5819a83de44702f8bc2197c31a64fbaea09cc93', 67, 3, 'MyApp', '[]', 1, '2025-03-04 03:01:34', '2025-03-04 03:01:34', '2026-03-04 03:01:34'),
('efad4e1d38cc10b3f7f3a955a1238263fb321de3f6cb1cd65cf77f8135e2e53ca1487cb1b2be7a80', 73, 3, 'MyApp', '[]', 1, '2025-03-04 18:00:44', '2025-03-04 18:00:44', '2026-03-04 18:00:44'),
('f0e396e880df841c3adf8b8243873bf1b4f84002b56e3ce0f224875f7834c060e460602c394dd98f', 61, 3, 'MyApp', '[]', 1, '2025-03-04 02:17:35', '2025-03-04 02:17:35', '2026-03-04 02:17:35'),
('f1069579153f44a116b10d8526bff970b82b5e9b438daf2e33a2e34c9e509fae98e8faa1769e629f', 14, 3, 'MyApp', '[]', 0, '2025-02-26 19:18:01', '2025-02-26 19:18:01', '2026-02-26 19:18:01'),
('f13b0c7483fb70b86115bbb4fccc530b4c2184562a963894d72e496d2f908a40a736cc9ef36d08f0', 9, 1, 'MyApp', '[]', 1, '2024-07-11 13:33:20', '2024-07-11 13:33:20', '2025-07-11 13:33:20'),
('f1816d33a39b5b841152d5b10d7d4049f5ea18a89cd6ed2bb6d70137a19c0ef2ed5c0b2959ac6a83', 2, 1, 'MyApp', '[]', 0, '2024-06-24 22:16:26', '2024-06-24 22:16:26', '2025-06-24 22:16:26'),
('f44b372d85d99fbb681aefe365e7f0f44b0b3898d2d7c02ec6642fad8c1df3a0c800ebd094f0ac36', 2, 1, 'MyApp', '[]', 0, '2024-06-24 16:33:53', '2024-06-24 16:33:53', '2025-06-24 16:33:53'),
('f75fda4235be2add83c4efbca40dd2844cadad4af4da70fae4e7a4e1588b4ee9abb09f11ae47537b', 80, 3, 'MyApp', '[]', 0, '2025-03-04 19:06:55', '2025-03-04 19:06:55', '2026-03-04 19:06:55'),
('f76d3ed8fe0ce00e82cfd7c43265a89fcd25e4751f03a1741be0ab5fbc566c96d6da6a395367acdf', 28, 3, 'MyApp', '[]', 1, '2025-02-27 23:30:21', '2025-02-27 23:30:21', '2026-02-27 23:30:21'),
('f89520176c87d0d2086f85e9c56aa9351beb122874069d291bb868255c419505bebd006874ad825a', 68, 3, 'MyApp', '[]', 1, '2025-03-04 16:33:10', '2025-03-04 16:33:10', '2026-03-04 16:33:10'),
('fbd55c2509d43a1526875efb16627c2c8b1a1b9ee151a884e2993d263e7d8e3ff0abe756d5192da4', 77, 3, 'MyApp', '[]', 0, '2025-03-04 18:05:02', '2025-03-04 18:05:02', '2026-03-04 18:05:02'),
('fc67d55efaf7d241fac31554c5c9df5511850384499b24134156557edfe41a49fff4a7f2c4bbbef9', 72, 3, 'MyApp', '[]', 1, '2025-03-04 17:43:51', '2025-03-04 17:43:51', '2026-03-04 17:43:51'),
('fd0f9aad8b4e9dfa93e519d5b0cf34f263123cbe71322bac221651bb1e3c5fed9ae86fe9a9094b50', 43, 3, 'MyApp', '[]', 1, '2025-03-03 21:35:03', '2025-03-03 21:35:03', '2026-03-03 21:35:03'),
('fd8ec591724a239d98f8201706323e59d3d5cfadda555c72f6f70a244f517c51244f7f59c7f248c2', 53, 3, 'MyApp', '[]', 0, '2025-03-04 01:37:28', '2025-03-04 01:37:28', '2026-03-04 01:37:28');

-- --------------------------------------------------------

--
-- Table structure for table `oauth_auth_codes`
--

CREATE TABLE `oauth_auth_codes` (
  `id` varchar(100) NOT NULL,
  `user_id` bigint(20) UNSIGNED NOT NULL,
  `client_id` bigint(20) UNSIGNED NOT NULL,
  `scopes` text DEFAULT NULL,
  `revoked` tinyint(1) NOT NULL,
  `expires_at` datetime DEFAULT NULL
) ENGINE=InnoDB DEFAULT CHARSET=utf8mb4 COLLATE=utf8mb4_unicode_ci;

-- --------------------------------------------------------

--
-- Table structure for table `oauth_clients`
--

CREATE TABLE `oauth_clients` (
  `id` bigint(20) UNSIGNED NOT NULL,
  `user_id` bigint(20) UNSIGNED DEFAULT NULL,
  `name` varchar(255) NOT NULL,
  `secret` varchar(100) DEFAULT NULL,
  `provider` varchar(255) DEFAULT NULL,
  `redirect` text NOT NULL,
  `personal_access_client` tinyint(1) NOT NULL,
  `password_client` tinyint(1) NOT NULL,
  `revoked` tinyint(1) NOT NULL,
  `created_at` timestamp NULL DEFAULT NULL,
  `updated_at` timestamp NULL DEFAULT NULL
) ENGINE=InnoDB DEFAULT CHARSET=utf8mb4 COLLATE=utf8mb4_unicode_ci;

--
-- Dumping data for table `oauth_clients`
--

INSERT INTO `oauth_clients` (`id`, `user_id`, `name`, `secret`, `provider`, `redirect`, `personal_access_client`, `password_client`, `revoked`, `created_at`, `updated_at`) VALUES
(1, NULL, 'Laravel Personal Access Client', 't48DLROPjlqn0HFS5ijjAepybJTqkmk4OIEV6PvZ', NULL, 'http://localhost', 1, 0, 0, '2024-06-05 00:18:23', '2024-06-05 00:18:23'),
(2, NULL, 'Laravel Password Grant Client', 'aN0rnc4tueBwFxhAqbxNt5FmZY87yDLYe3xKlPNx', 'users', 'http://localhost', 0, 1, 0, '2024-06-05 00:18:23', '2024-06-05 00:18:23'),
(3, NULL, 'Laravel Personal Access Client', 'aDjsTgm2DokuLVGE856LIQ0wri2DxVzgJfMv2Htu', NULL, 'http://localhost', 1, 0, 0, '2025-02-26 00:33:37', '2025-02-26 00:33:37'),
(4, NULL, 'Laravel Password Grant Client', 'NEXXZmpaCKxbjHTQsJhUWGxF3YgrYAuIhruaIJSB', 'users', 'http://localhost', 0, 1, 0, '2025-02-26 00:33:37', '2025-02-26 00:33:37');

-- --------------------------------------------------------

--
-- Table structure for table `oauth_personal_access_clients`
--

CREATE TABLE `oauth_personal_access_clients` (
  `id` bigint(20) UNSIGNED NOT NULL,
  `client_id` bigint(20) UNSIGNED NOT NULL,
  `created_at` timestamp NULL DEFAULT NULL,
  `updated_at` timestamp NULL DEFAULT NULL
) ENGINE=InnoDB DEFAULT CHARSET=utf8mb4 COLLATE=utf8mb4_unicode_ci;

--
-- Dumping data for table `oauth_personal_access_clients`
--

INSERT INTO `oauth_personal_access_clients` (`id`, `client_id`, `created_at`, `updated_at`) VALUES
(1, 1, '2024-06-05 00:18:23', '2024-06-05 00:18:23'),
(2, 3, '2025-02-26 00:33:37', '2025-02-26 00:33:37');

-- --------------------------------------------------------

--
-- Table structure for table `oauth_refresh_tokens`
--

CREATE TABLE `oauth_refresh_tokens` (
  `id` varchar(100) NOT NULL,
  `access_token_id` varchar(100) NOT NULL,
  `revoked` tinyint(1) NOT NULL,
  `expires_at` datetime DEFAULT NULL
) ENGINE=InnoDB DEFAULT CHARSET=utf8mb4 COLLATE=utf8mb4_unicode_ci;

-- --------------------------------------------------------

--
-- Table structure for table `password_resets`
--

CREATE TABLE `password_resets` (
  `email` varchar(255) NOT NULL,
  `token` varchar(255) NOT NULL,
  `created_at` timestamp NULL DEFAULT NULL
) ENGINE=InnoDB DEFAULT CHARSET=utf8mb4 COLLATE=utf8mb4_unicode_ci;

-- --------------------------------------------------------

--
-- Table structure for table `permissions`
--

CREATE TABLE `permissions` (
  `id` bigint(20) UNSIGNED NOT NULL,
  `name` varchar(255) NOT NULL,
  `guard_name` varchar(255) NOT NULL,
  `created_at` timestamp NULL DEFAULT NULL,
  `updated_at` timestamp NULL DEFAULT NULL
) ENGINE=InnoDB DEFAULT CHARSET=utf8mb4 COLLATE=utf8mb4_unicode_ci;

-- --------------------------------------------------------

--
-- Table structure for table `profiles`
--

CREATE TABLE `profiles` (
  `id` bigint(20) UNSIGNED NOT NULL,
  `user_id` bigint(20) UNSIGNED NOT NULL,
  `education` varchar(255) DEFAULT NULL,
  `profession` varchar(255) DEFAULT NULL,
  `country` varchar(255) DEFAULT NULL,
  `district` varchar(255) DEFAULT NULL,
  `phone` varchar(255) DEFAULT NULL,
  `dob` date DEFAULT NULL,
  `address` varchar(255) DEFAULT NULL,
  `member_type` varchar(191) DEFAULT NULL,
  `father_name` varchar(191) DEFAULT NULL,
  `city` varchar(191) DEFAULT NULL,
  `whatsapp` varchar(191) DEFAULT NULL,
  `mureed` varchar(191) DEFAULT NULL,
  `silsila` varchar(191) DEFAULT NULL,
  `peer_sb_name` varchar(191) DEFAULT NULL,
  `astana_location` varchar(191) DEFAULT NULL,
  `id_card` varchar(191) DEFAULT NULL,
  `reference` text DEFAULT NULL,
  `created_at` timestamp NULL DEFAULT NULL,
  `updated_at` timestamp NULL DEFAULT NULL
) ENGINE=InnoDB DEFAULT CHARSET=utf8mb4 COLLATE=utf8mb4_unicode_ci;

--
-- Dumping data for table `profiles`
--

INSERT INTO `profiles` (`id`, `user_id`, `education`, `profession`, `country`, `district`, `phone`, `dob`, `address`, `member_type`, `father_name`, `city`, `whatsapp`, `mureed`, `silsila`, `peer_sb_name`, `astana_location`, `id_card`, `reference`, `created_at`, `updated_at`) VALUES
(1, 65, NULL, NULL, 'Pakistan', NULL, NULL, '2025-03-04', 'P-248,ST#4 DASTGHEER COLONY MANSOORABAD', 'Domestic', 'Muhammad Din', 'FAISALABAD', '03226692925', '0', 'Chishtia', 'Khawaja Sb', NULL, '33100-2145974-3', NULL, '2025-03-04 02:56:23', '2025-03-04 03:01:54'),
(2, 66, NULL, NULL, 'Pakistan', NULL, NULL, '2025-03-04', 'House#533, Ameen Town', 'Domestic', 'Ahmad', 'Faisalabad', '03008667389', '1', 'Chishtia', 'Abdul Haq Shah SB Golra Shareef', NULL, '11111-1111111-1', NULL, '2025-03-04 02:58:31', '2025-03-04 02:58:31'),
(3, 67, NULL, NULL, 'Pakistan', NULL, NULL, '2001-03-06', 'P-248,ST#4 DASTGHEER COLONY MANSOORABAD', 'Domestic', 'Muhammad Yaseen', 'FAISALABAD', '03426347923', '1', 'Chishtia', 'Khawaja Sb', NULL, '33100-3248133-1', NULL, '2025-03-04 02:59:08', '2025-03-04 02:59:08'),
(4, 68, NULL, NULL, 'Pakistan', NULL, NULL, '1994-06-04', 'H#541/C, St#9 Altaf Ganj Jhang Rd', 'Domestic', 'Imtiaz Ahmad Butt', 'Faisalabad', '0305-6939372', '0', 'Chishtia', 'Yaseen Ajmal Sb Gosha e Durood', NULL, '33102-3744602-3', NULL, '2025-03-04 16:33:09', '2025-03-04 16:41:09'),
(5, 69, NULL, NULL, 'Pakistan', NULL, NULL, '2002-12-23', 'Chak#199 RB Gatwala', 'Domestic', 'Muhammad Irshad', 'Faisalabad', '0308-1133199', '1', 'Qadria', 'Muhammad Manzoor Latif Kamalia', NULL, '33103-2807750-1', NULL, '2025-03-04 16:49:47', '2025-03-04 16:49:47'),
(6, 70, NULL, NULL, 'Pakistan', NULL, NULL, '2009-11-24', 'Chak#199 RB Gatwala', 'Domestic', 'Muhammad Irshad', 'Faisalabad', '0334-6522665', '0', 'Qadria', 'Muhammad Manzoor Latif Kamalia', NULL, '33103-5350720-1', NULL, '2025-03-04 16:57:40', '2025-03-04 19:23:18'),
(7, 71, NULL, NULL, 'Pakistan', NULL, NULL, '1984-03-23', 'Chak#199 House #289 Gatwala', 'Domestic', 'Muhammad Anwar', 'Faisalabad', '0300-6690128', '0', 'Fazli Qadria', 'Pir Sayed Azhar Hussain shsh Sb Noor wale', NULL, '33100-6778949-9', NULL, '2025-03-04 17:27:53', '2025-03-04 21:53:44'),
(8, 72, NULL, NULL, 'Pakistan', NULL, NULL, '1958-01-01', 'Sugar More Sardar Colony', 'Domestic', 'Rehmat Ali', 'Faisalabad', NULL, '0', 'Nakshbandiya', 'Pir Syed Mushtaq Shah Dolar Shareef', NULL, '33303-2286786-1', NULL, '2025-03-04 17:43:51', '2025-03-04 21:54:30'),
(9, 73, NULL, NULL, 'Pakistan', NULL, NULL, '1991-03-22', 'Chk #194r.b lathianwala', 'Domestic', 'Nadeem sarwar', 'Faisalabad', '0302-7215792', '0', 'Chistia golarvi', 'Shah abdul haq shah gillani Islamabad golra Shareef', NULL, '33104-4515150-5', NULL, '2025-03-04 18:00:44', '2025-03-04 21:54:51'),
(10, 74, NULL, NULL, 'Pakistan', NULL, NULL, '1960-01-01', 'Chak#199 RB Gatwala', NULL, 'Jamal Din', 'Faisalabad', '0305-7215051', '1', 'Chishtia', 'Yaseen Jamal Gosh e Durood', NULL, '90403-0100570-3', NULL, '2025-03-04 18:05:02', '2025-03-04 18:05:02'),
(14, 78, NULL, NULL, 'Pakistan', NULL, NULL, '1960-01-01', 'Chak#199 RB Gatwala', 'Domestic', 'Jamal Din', 'Faisalabad', '0305-7215051', '0', 'Chishtia', 'Yaseen Ajamal Gosh e Durood', NULL, '90403-0100570-3', NULL, '2025-03-04 18:05:02', '2025-03-04 21:55:41'),
(15, 79, NULL, NULL, 'Pakistan', NULL, NULL, '1982-10-01', 'House # H-253 Tech Town Satiana Road', 'Domestic', 'Muhammad Hussain', 'Faisalabad', '0333-9926321', '0', 'Chishti', 'Peer Naseer ud Din Naseer Shah Sb Golra Sharif', NULL, '33100-0639901-7', NULL, '2025-03-04 18:48:45', '2025-03-04 21:56:19'),
(16, 80, NULL, NULL, 'Pakistan', NULL, NULL, '1972-05-05', 'Khir wale district Esa khail Mianwali', 'Domestic', 'Fazal shah', 'Tarag', '0300-2732067', '0', 'Chishti', 'Khawaja Moin ud Din Chishti Nizami chan Mahi Sarkar Tarag Sharif', NULL, '42301-2171442-1', NULL, '2025-03-04 18:59:22', '2025-03-04 22:02:13'),
(17, 81, NULL, NULL, 'Pakistan', NULL, NULL, '2002-12-23', 'Chak#199 RB Gatwala', NULL, 'Muhammad Irshad', 'Faisalabad', '0308-1133199', '1', 'Qadria', 'Muhammad Manzoor ul Latif Qadri Kamalia', NULL, '33103-2807750-1', NULL, '2025-03-04 19:00:34', '2025-03-04 19:00:34'),
(18, 82, NULL, NULL, 'Pakistan', NULL, NULL, '1974-05-07', 'Chak# 199 RB Gatwala', NULL, 'Muhammad Aslam', 'Faisalabad', '0302-8666469', '1', 'Qadria', 'Pir Sayed Qadri Muhammad Mehfooz Shah Sb Mandi Bahawal Din', NULL, '38104-0834780-7', NULL, '2025-03-04 19:00:39', '2025-03-04 19:00:39'),
(19, 83, NULL, NULL, 'Pakistan', NULL, NULL, '1970-11-02', 'Chak#199 RB Gatwala', NULL, 'Namat Ali', 'Faisalabad', '0303-5338285', '1', 'Qadria', 'Muhammad Manzoor Latif Sb Kamalia', NULL, '33100-2929884-7', NULL, '2025-03-04 19:05:32', '2025-03-04 19:05:32'),
(20, 84, NULL, NULL, 'Pakistan', NULL, NULL, '2002-07-02', 'gatwala 199rb', NULL, 'Tanveer Ahmad', 'Faisalabad', '0305-5301877', '0', NULL, NULL, NULL, '33103-6280459-9', NULL, '2025-03-04 19:10:04', '2025-03-04 19:10:04'),
(21, 85, NULL, NULL, 'Pakistan', NULL, NULL, '1983-01-01', 'Chak nmbr 266 khurrianwala', NULL, 'Slamat Ali', 'Faisalabad', '0318-8663266', '1', 'Gillani', 'Hujra shah Muqeem Sayyad ijaz Ali gillani', NULL, '33104-6391935-3', NULL, '2025-03-04 19:19:36', '2025-03-04 19:19:36'),
(22, 86, NULL, NULL, 'Pakistan', NULL, NULL, '1988-02-04', 'Dasgeer clony st 6', NULL, 'Dawood', 'Faisalabad', '0345-2881515', '0', NULL, NULL, NULL, '33100-1649975-7', NULL, '2025-03-04 19:21:50', '2025-03-04 19:21:50'),
(23, 87, NULL, NULL, 'Pakistan', NULL, NULL, '1995-02-19', 'Sardar Colony Malikpur', NULL, 'Munir Ahmad Shahid', 'Faisalabad', '0304-0624664', '1', 'Qadria', 'Yaseen Ajmal Sb Gosha e Durood', NULL, '33102-0493017-1', NULL, '2025-03-04 19:31:17', '2025-03-04 19:31:17'),
(24, 88, NULL, NULL, 'Pakistan', NULL, NULL, '1975-02-15', 'Chak no.198 R.B. Munianwala Fsd', NULL, 'Muhammad Ahmed', 'Faisalabad', '0321-8667855', '1', 'Sultani Qadri Sarwari', 'Muhammad Habib Sultan', NULL, '33100-4197426-9', NULL, '2025-03-04 19:32:57', '2025-03-04 19:32:57'),
(25, 89, NULL, NULL, 'Pakistan', NULL, NULL, '2001-08-19', 'House # 928, Block B, People\'s Colony 2, Faisalabad', NULL, 'Muhammad Boota', 'Faisalabad', '0302-0380077', '1', 'Chishti', 'Muhammad Yaseen Ajmal Chishti', NULL, '33102-6299101-5', NULL, '2025-03-04 19:38:52', '2025-03-04 19:38:52'),
(26, 90, NULL, NULL, 'Pakistan', NULL, NULL, '1992-08-28', '199 R.B Gatwala', NULL, 'Muhammad  Arshad Javed', 'Faisalabad', '0333-9938910', '1', 'Chishtia', 'Pir sayed ijaz shah', NULL, '33103-2361195-7', NULL, '2025-03-04 19:39:27', '2025-03-04 19:39:27'),
(27, 91, NULL, NULL, 'Pakistan', NULL, NULL, '1966-01-01', 'Officer Colony, Chak#199 RB Gatwala', NULL, 'Muhammad Yousaf', 'Faisalabad', NULL, '1', 'Naqshbandia', 'Peer Syed Makhdoom Hussain Shah Gojra', NULL, '33301-6432408-3', NULL, '2025-03-04 19:40:16', '2025-03-04 19:40:16'),
(28, 92, NULL, NULL, 'Pakistan', NULL, NULL, '1987-07-12', 'Bawe chak #120 Ali town', NULL, 'Allah Yar', 'Faisalabad', '0315-7205198', '1', 'Qadria chishtia', 'Sayed Ahmad Raza Okara', NULL, '33100-2358351-1', NULL, '2025-03-04 19:44:21', '2025-03-04 19:44:21'),
(29, 93, NULL, NULL, 'Pakistan', NULL, NULL, '1986-08-01', '203/RB MANAWALA faisalabad', NULL, 'Nazeer Ahmed', 'Faisalabad', '0314-6080911', '1', 'قادریہ', 'پیر نجیب سلطان', NULL, '33102-0114214-3', NULL, '2025-03-04 19:48:23', '2025-03-04 19:48:23'),
(30, 94, NULL, NULL, 'Pakistan', NULL, NULL, '1990-03-18', 'Chak No 199/RB Gutwala Faisalabad', NULL, 'Muhammad Arshad javed', 'Faisalabad', '0301-5521178', '1', 'Chistia', 'Syed ijaz Hussain shah', NULL, '33103-0603565-1', NULL, '2025-03-04 19:52:59', '2025-03-04 19:52:59'),
(31, 95, NULL, NULL, 'Pakistan', NULL, NULL, '1997-02-19', 'Dak Khana Khas 199/RB Gutwala Faisalabad', NULL, 'Ali Akhtar Nasir', 'Faisalabad', '0325-6522224', '1', 'Qadri Qalandri', 'Hazrat Tariq Mehmood Chugtai', NULL, '33103-7944130-5', NULL, '2025-03-04 20:04:33', '2025-03-04 20:04:33'),
(32, 96, NULL, NULL, 'Pakistan', NULL, NULL, '2023-05-17', 'Gatwala 199 Rb', NULL, 'Muhammad Muneer', 'Faisalabad', '0341-2519907', '1', 'Chishtia', 'Yaseen Ajmal Chishti Sab', NULL, '36041-5368371', NULL, '2025-03-04 20:05:15', '2025-03-04 20:05:15'),
(33, 97, NULL, NULL, 'Pakistan', NULL, NULL, '1974-12-05', 'Chak #199 RB Gatwala', NULL, 'Amanat Ali', 'Faisalabad', '0333-8960204', '1', 'Qadria', 'Muhammad Manzoor Ul Latif Qadri Kamalia', NULL, '33100-0962295-1', NULL, '2025-03-04 21:59:47', '2025-03-04 21:59:47'),
(34, 98, NULL, NULL, 'Pakistan', NULL, NULL, '1978-01-04', 'Model town B street no 14 House no p 334', NULL, 'Muhammad Shaffi', 'Faisal abad', '0321-7380947', '1', 'Naqshbandi', 'Hazrat Mofti Muhammad Ameen sab', NULL, '33100-2888663-1', NULL, '2025-03-04 23:19:46', '2025-03-04 23:19:46'),
(35, 99, NULL, NULL, 'Pakistan', NULL, NULL, '1974-01-10', 'AMEER ALI KHAN\nHouse no P.275\nStreet no 03\nCanal Garden west canal road Faisalabad', NULL, 'Basharat Ali', 'Faisal Abad', '0300-7977391', '1', 'Chishti', 'Shamusdin', NULL, '33100-7374331-0', NULL, '2025-03-05 00:27:44', '2025-03-05 00:27:44'),
(36, 100, NULL, NULL, 'Pakistan', NULL, NULL, '1983-01-01', 'Khurrinwala Chak no 266', NULL, 'Salamat Ali', 'Khurrinwala', '0318-8663266', '1', 'SYED GILLANI', 'SYED IJAZ ALI GILLANI', NULL, '33104-6391935-3', NULL, '2025-03-05 01:16:16', '2025-03-05 01:16:16'),
(37, 101, NULL, NULL, 'Pakistan', NULL, NULL, '1987-09-28', 'Dak khana khas chal Number 199/RB Gatwala Faisalabad', NULL, 'Muhammad Hanif', 'Faisalabad', '0305-7385972', '0', NULL, NULL, NULL, '33103-8931621-5', NULL, '2025-03-05 12:13:54', '2025-03-05 12:13:54'),
(38, 102, NULL, NULL, 'Pakistan', NULL, NULL, '1990-12-02', 'House#666 St#6 Mohala Rasool Nager', NULL, 'Muhammad Saeed', 'Faisalabad', '0315-6080884', '0', NULL, NULL, NULL, '33102-3130884-5', NULL, '2025-03-06 19:06:16', '2025-03-06 19:06:16');

-- --------------------------------------------------------

--
-- Table structure for table `roles`
--

CREATE TABLE `roles` (
  `id` bigint(20) UNSIGNED NOT NULL,
  `name` varchar(255) NOT NULL,
  `guard_name` varchar(255) NOT NULL,
  `created_at` timestamp NULL DEFAULT NULL,
  `updated_at` timestamp NULL DEFAULT NULL
) ENGINE=InnoDB DEFAULT CHARSET=utf8mb4 COLLATE=utf8mb4_unicode_ci;

-- --------------------------------------------------------

--
-- Table structure for table `role_has_permissions`
--

CREATE TABLE `role_has_permissions` (
  `permission_id` bigint(20) UNSIGNED NOT NULL,
  `role_id` bigint(20) UNSIGNED NOT NULL
) ENGINE=InnoDB DEFAULT CHARSET=utf8mb4 COLLATE=utf8mb4_unicode_ci;

-- --------------------------------------------------------

--
-- Table structure for table `users`
--

CREATE TABLE `users` (
  `id` bigint(20) UNSIGNED NOT NULL,
  `name` varchar(255) NOT NULL,
  `email` varchar(255) NOT NULL,
  `email_verified_at` timestamp NULL DEFAULT NULL,
  `password` varchar(255) NOT NULL,
  `remember_token` varchar(100) DEFAULT NULL,
  `created_at` timestamp NULL DEFAULT NULL,
  `updated_at` timestamp NULL DEFAULT NULL,
  `phone` varchar(255) NOT NULL,
  `is_admin` tinyint(1) NOT NULL DEFAULT 0,
  `status` tinyint(1) DEFAULT 0,
  `id_number` varchar(191) DEFAULT NULL
) ENGINE=InnoDB DEFAULT CHARSET=utf8mb4 COLLATE=utf8mb4_unicode_ci;

--
-- Dumping data for table `users`
--

INSERT INTO `users` (`id`, `name`, `email`, `email_verified_at`, `password`, `remember_token`, `created_at`, `updated_at`, `phone`, `is_admin`, `status`, `id_number`) VALUES
(54, 'Admin', 'info@admin.com', NULL, '$2y$10$O6N0BfsrFwJdzlwQxhT88epx4Hc1ZkUSBL28p5CNEVdc6uCIfCDtW', NULL, NULL, NULL, '', 1, 0, NULL),
(65, 'Muhammad Yaseen', 'muhammad-yaseen1825611692710890@domain.com', NULL, '$2y$10$LR.gFhEZtyIAmC.Oi1/iveTW/UV1xs8w.47kN/dQM9OP7genZDr0i', NULL, '2025-03-04 02:56:23', '2025-03-04 03:01:54', '03226692925', 0, 0, '1'),
(66, 'Afzaal Ahmad', 'afzaal-ahmad1825611827522910@domain.com', NULL, '$2y$10$nN7yy9ZdMB4Mmg0t88z/PuqQt.PTfGwPhaWJg.70WSM2jpzpwfQnm', NULL, '2025-03-04 02:58:31', '2025-03-04 02:58:31', '03008667389', 0, 0, '2'),
(67, 'ALI AHSAN', 'ali-ahsan1825611865659161@domain.com', NULL, '$2y$10$gVochlG24Hu8GC.vAo/0UeBGn3Xxir0xSBbYND8Ihi3kwVHYLKQT2', NULL, '2025-03-04 02:59:08', '2025-03-04 02:59:08', '03426347923', 0, 0, '3'),
(68, 'Ahad Imtiaz', 'ahad-imtiaz1825663080067711@domain.com', NULL, '$2y$10$gZOOAbhau2mm5jhbw8XVTuKncw.YNy0kpKeUyrtmD.kLFPridJwbe', NULL, '2025-03-04 16:33:09', '2025-03-04 16:44:21', '0305-6939372', 0, 0, '4'),
(69, 'Muhammad Hanan', 'muhammad-hanan1825664125009078@domain.com', NULL, '$2y$10$sZlsj2HMLfJELV1ifIw8.OODfh/Sx00Setb6XjRL.yWlveWcpJaMO', NULL, '2025-03-04 16:49:46', '2025-03-04 16:49:46', '0308-1133199', 0, 0, '5'),
(70, 'Muhammad Naveed', 'muhammad-naveed1825664621987963@domain.com', NULL, '$2y$10$SHqpnhkj55SjGL2DSbGLQeLwiAxNG4AcXUtvY.C9KUcc9IE6oKZBi', NULL, '2025-03-04 16:57:40', '2025-03-04 19:23:18', '0334-6522665', 0, 0, '6'),
(71, 'Ali Akbar', 'ali-akbar1825666522571119@domain.com', NULL, '$2y$10$14UnsGQRWfFYs0PIqXic6u4eWqxGTdv0lfgBC.V6tI2ddrJZ8xRme', NULL, '2025-03-04 17:27:53', '2025-03-04 21:53:44', '0300-6690128', 0, 0, '7'),
(72, 'Muhammad Akram', 'muhammad-akram1825667527957228@domain.com', NULL, '$2y$10$u5MdSaXdp611yZ/UKmbjte1xYeTJv68xocc1kOc5EaqwECLJHwRti', NULL, '2025-03-04 17:43:51', '2025-03-04 21:54:30', '0325-4661544', 0, 0, '8'),
(73, 'Basit Bilal', 'basit-bilal1825668589335439@domain.com', NULL, '$2y$10$si8rjmo87NPzW6evwfRTvOTNvrkSXIqlvE1WPIeGX8pSvFSDBA6Fu', NULL, '2025-03-04 18:00:44', '2025-03-04 21:54:51', '0302-7215792', 0, 0, '9'),
(74, 'Muhammad Munire', 'muhammad-munire1825668859976701@domain.com', NULL, '$2y$10$temgtfzprReBKKKDGX0qiuexiSy9f1fDSBdJigfdf8RNjiycoiE1W', NULL, '2025-03-04 18:05:02', '2025-03-04 18:05:02', '0305-7215051', 0, 0, NULL),
(78, 'Muhammad Munir', 'muhammad-munire1825668860381590@domain.com', NULL, '$2y$10$EInsnO8Pet.C15jP3hf.xeWLgcjzwlA9jeWA0OQgAy15ahgyCskVi', NULL, '2025-03-04 18:05:02', '2025-03-04 21:55:41', '0305-7215051', 0, 0, '10'),
(79, 'Munir Hussain', 'munir-hussain1825671610745614@domain.com', NULL, '$2y$10$K1KJoNaNibg6L9BEy5xiv.8YCJk1phTgkdQDXtcNaNkaqBs/TwXNu', NULL, '2025-03-04 18:48:45', '2025-03-04 21:56:19', '0333-9926321', 0, 0, '11'),
(80, 'Altaf hussain shah', 'altaf-hussain-shah1825672278871512@domain.com', NULL, '$2y$10$r.yWBNFr3hPJVJTnJOjxSu.O5Jx2KOTOIZkWpX7.A75ZAqtTYOjb.', NULL, '2025-03-04 18:59:22', '2025-03-04 22:02:13', '0300-2732967', 0, 0, '12'),
(81, 'Muhammad Hanan', 'muhammad-hanan1825672354402828@domain.com', NULL, '$2y$10$V.BoKviOaPcG6YdX4Ktzj.OSj05K3kgfNfg5XJ0nbnB7wLQpHTfFa', NULL, '2025-03-04 19:00:34', '2025-03-04 19:00:34', '0308-1133199', 0, 0, NULL),
(82, 'Muhammad younas', 'muhammad-younas1825672358963879@domain.com', NULL, '$2y$10$/udwTFx0ai11VdK/L2HYL.GhrEimFPLpxQjjm07EZWCfBXIT0Lq5a', NULL, '2025-03-04 19:00:39', '2025-03-04 19:00:39', '0302-8666469', 0, 0, NULL),
(83, 'Muhammad Irshad', 'muhammad-irshad1825672666178845@domain.com', NULL, '$2y$10$O6rQNMZ799X8oisBSaJyiulec0neNEVPruwMVvzZBl.wHke7ao41y', NULL, '2025-03-04 19:05:32', '2025-03-04 19:05:32', '0303-5338285', 0, 0, NULL),
(84, 'Hasnain Tanveer', 'hasnain-tanveer1825672951554747@domain.com', NULL, '$2y$10$Da5X1QfL.mvS/khorI1QkO6WZLgPt0U36PxQnFa6SZHtbJ8GW8cSy', NULL, '2025-03-04 19:10:04', '2025-03-04 19:10:04', '0305-5301877', 0, 0, NULL),
(85, 'Muhammad Shahid Nawaz', 'muhammad-shahid-nawaz1825673551537814@domain.com', NULL, '$2y$10$B0HlcZxk0HNUAliWSoeKUOJs1oyH.IsBe7afu/Zw8Nx7hDNSB0z62', NULL, '2025-03-04 19:19:36', '2025-03-04 19:19:36', '0318-8663266', 0, 0, NULL),
(86, 'Muhammad sajjad', 'muhammad-sajjad1825673692183284@domain.com', NULL, '$2y$10$iISy8LqBdBfVdXa1HStGQueeCp16WMWsPmSYK.OfxFw1oeWi1mG82', NULL, '2025-03-04 19:21:50', '2025-03-04 19:21:50', '0345-2881515', 0, 0, NULL),
(87, 'Sarmad Munir', 'sarmad-munir1825674285826849@domain.com', NULL, '$2y$10$yuIMr/VQX3wf9DD8hOEWFOc9ZCAdkxJTx5FNdYARCOHxxAbeoRHRK', NULL, '2025-03-04 19:31:16', '2025-03-04 19:31:16', '0304-0624664', 0, 0, NULL),
(88, 'Muhammad Amjad', 'muhammad-amjad1825674391659068@domain.com', NULL, '$2y$10$2z5Zp3YWYWC4cs5Qw7FcxOsLPRDFKV3Tk9gP2VW3uI/TuC.vOS8Mq', NULL, '2025-03-04 19:32:57', '2025-03-04 19:32:57', '0321-8667855', 0, 0, NULL),
(89, 'Muhammad Qamar Abbas', 'muhammad-qamar-abbas1825674763376370@domain.com', NULL, '$2y$10$g4qWSDquT3s8mBuEqUN3QOWShZyWPASQwuBEAeVua7bFDVxP2tJ9e', NULL, '2025-03-04 19:38:52', '2025-03-04 19:38:52', '0302-0380077', 0, 0, NULL),
(90, 'Majid Javed', 'majid-javed1825674800617372@domain.com', NULL, '$2y$10$KnW5Yv.ZKH9ug61UyJsSA.DfzxLaTlg0zcyZYewtHSJ7jBExTWts.', NULL, '2025-03-04 19:39:27', '2025-03-04 19:39:27', '0333-9938910', 0, 0, NULL),
(91, 'Asghar Ali', 'asghar-ali1825674851554596@domain.com', NULL, '$2y$10$Ld3gHHKJvFdGQnWqqHMWQ.MvtHjUga1.UUKHIuTiQd1fKsfs83oUm', NULL, '2025-03-04 19:40:16', '2025-03-04 19:40:16', '0337-4941300', 0, 0, NULL),
(92, 'Ali sher', 'ali-sher1825675108568639@domain.com', NULL, '$2y$10$Fz4vyTuG3XSrKH1oF4sFd.NQReu.hqpRrzBWjPvHKGBT31jJWze76', NULL, '2025-03-04 19:44:21', '2025-03-04 19:44:21', '0303-7077447', 0, 0, NULL),
(93, 'Muhammad Saleem Akhtar', 'muhammad-saleem-akhtar1825675362403661@domain.com', NULL, '$2y$10$AvQ2.nIeQCCUkEP3Z8Q6f.29Q0Z1Pwf23KTG2fUzcVTjPXEtTLbly', NULL, '2025-03-04 19:48:23', '2025-03-04 19:48:23', '0314-6080911', 0, 0, NULL),
(94, 'Muhammad Amjad javed', 'muhammad-amjad-javed1825675651977511@domain.com', NULL, '$2y$10$00dbPeBpqgzqnj9dhXi2Hu5mxmDWBoDUklEs5d2B3Gy7mMbytMkb.', NULL, '2025-03-04 19:52:59', '2025-03-04 19:52:59', '0301-5521178', 0, 0, NULL),
(95, 'Muhammad Umair Akhtar', 'muhammad-umair-akhtar1825676379405704@domain.com', NULL, '$2y$10$xBJQLq1JQujipjKqHt1dFuvxpkR4pjG.1RbTiOo8ysLIac5TrKisK', NULL, '2025-03-04 20:04:33', '2025-03-04 20:04:33', '0325-6522224', 0, 0, NULL),
(96, 'Muhammad Hamza', 'muhammad-hamza1825676423766686@domain.com', NULL, '$2y$10$unNiKVCwCPb8bVShknAqPuKnduyNmDhWwH07Ojl7bZnates95C3PG', NULL, '2025-03-04 20:05:15', '2025-03-04 20:05:15', '0341-2519907', 0, 0, NULL),
(97, 'Anayat Ali', 'anayat-ali1825683630026316@domain.com', NULL, '$2y$10$f5IbvrjNgz6bnsCiPIce9O7KQ9L9CAEBb1Auaj1rRMoBBBOeUbsLm', NULL, '2025-03-04 21:59:47', '2025-03-04 21:59:47', '0333-8960204', 0, 0, NULL),
(98, 'Muhammad Farooq Ahmed', 'muhammad-farooq-ahmed1825688661674164@domain.com', NULL, '$2y$10$YAtQk34wHVfg3gYrTZb39.YC4OI9MY4kldDxyT99wuwVB9o2lDO2G', NULL, '2025-03-04 23:19:46', '2025-03-04 23:19:46', '0321-7380947', 0, 0, NULL),
(99, 'AMEER ALI KHAN', 'ameer-ali-khan1825692937494968@domain.com', NULL, '$2y$10$AydGdva0gya4COyaGEMgweU4WSWa18mftIpAhB3vGbFZ2FFr9rFqa', NULL, '2025-03-05 00:27:44', '2025-03-05 00:27:44', '0300-7977391', 0, 0, NULL),
(100, 'Muhammad shahid Nawaz', 'muhammad-shahid-nawaz1825695991419413@domain.com', NULL, '$2y$10$ShZvZOcidv8vi.CYa8/1AuyzlPBBzApKvL5ujipFO5jP7MudIfDii', NULL, '2025-03-05 01:16:16', '2025-03-05 01:16:16', '0318-8663266', 0, 0, NULL),
(101, 'Muhammad Qasim Hanif', 'muhammad-qasim-hanif1825737366019208@domain.com', NULL, '$2y$10$8MV5cnWL0gLIPqmdQY5PUOB.w9beoZl6MN6zvwGMlE.yQ.UTECZh6', NULL, '2025-03-05 12:13:54', '2025-03-05 12:13:54', '0305-7385972', 0, 0, NULL),
(102, 'Waqas Ali', 'waqas-ali1825853906109622@domain.com', NULL, '$2y$10$xxhYsBFnXds.9mJhBju/teStQLYb1gYQxaMbb7rXwO/VWj.gs2QNq', NULL, '2025-03-06 19:06:15', '2025-03-06 19:06:15', '0315-6080884', 0, 0, NULL);

--
-- Indexes for dumped tables
--

--
-- Indexes for table `attendance`
--
ALTER TABLE `attendance`
  ADD PRIMARY KEY (`id`);

--
-- Indexes for table `books`
--
ALTER TABLE `books`
  ADD PRIMARY KEY (`id`);

--
-- Indexes for table `duroodpaks`
--
ALTER TABLE `duroodpaks`
  ADD PRIMARY KEY (`id`);

--
-- Indexes for table `failed_jobs`
--
ALTER TABLE `failed_jobs`
  ADD PRIMARY KEY (`id`),
  ADD UNIQUE KEY `failed_jobs_uuid_unique` (`uuid`);

--
-- Indexes for table `forget_passwords`
--
ALTER TABLE `forget_passwords`
  ADD PRIMARY KEY (`id`),
  ADD KEY `forget_passwords_user_id_foreign` (`user_id`);

--
-- Indexes for table `lectures`
--
ALTER TABLE `lectures`
  ADD PRIMARY KEY (`id`);

--
-- Indexes for table `migrations`
--
ALTER TABLE `migrations`
  ADD PRIMARY KEY (`id`);

--
-- Indexes for table `model_has_permissions`
--
ALTER TABLE `model_has_permissions`
  ADD PRIMARY KEY (`permission_id`,`model_id`,`model_type`),
  ADD KEY `model_has_permissions_model_id_model_type_index` (`model_id`,`model_type`);

--
-- Indexes for table `model_has_roles`
--
ALTER TABLE `model_has_roles`
  ADD PRIMARY KEY (`role_id`,`model_id`,`model_type`),
  ADD KEY `model_has_roles_model_id_model_type_index` (`model_id`,`model_type`);

--
-- Indexes for table `oauth_access_tokens`
--
ALTER TABLE `oauth_access_tokens`
  ADD PRIMARY KEY (`id`),
  ADD KEY `oauth_access_tokens_user_id_index` (`user_id`);

--
-- Indexes for table `oauth_auth_codes`
--
ALTER TABLE `oauth_auth_codes`
  ADD PRIMARY KEY (`id`),
  ADD KEY `oauth_auth_codes_user_id_index` (`user_id`);

--
-- Indexes for table `oauth_clients`
--
ALTER TABLE `oauth_clients`
  ADD PRIMARY KEY (`id`),
  ADD KEY `oauth_clients_user_id_index` (`user_id`);

--
-- Indexes for table `oauth_personal_access_clients`
--
ALTER TABLE `oauth_personal_access_clients`
  ADD PRIMARY KEY (`id`);

--
-- Indexes for table `oauth_refresh_tokens`
--
ALTER TABLE `oauth_refresh_tokens`
  ADD PRIMARY KEY (`id`),
  ADD KEY `oauth_refresh_tokens_access_token_id_index` (`access_token_id`);

--
-- Indexes for table `password_resets`
--
ALTER TABLE `password_resets`
  ADD KEY `password_resets_email_index` (`email`);

--
-- Indexes for table `permissions`
--
ALTER TABLE `permissions`
  ADD PRIMARY KEY (`id`),
  ADD UNIQUE KEY `permissions_name_guard_name_unique` (`name`,`guard_name`);

--
-- Indexes for table `profiles`
--
ALTER TABLE `profiles`
  ADD PRIMARY KEY (`id`),
  ADD KEY `profiles_user_id_foreign` (`user_id`);

--
-- Indexes for table `roles`
--
ALTER TABLE `roles`
  ADD PRIMARY KEY (`id`),
  ADD UNIQUE KEY `roles_name_guard_name_unique` (`name`,`guard_name`);

--
-- Indexes for table `role_has_permissions`
--
ALTER TABLE `role_has_permissions`
  ADD PRIMARY KEY (`permission_id`,`role_id`),
  ADD KEY `role_has_permissions_role_id_foreign` (`role_id`);

--
-- Indexes for table `users`
--
ALTER TABLE `users`
  ADD PRIMARY KEY (`id`),
  ADD UNIQUE KEY `users_email_unique` (`email`);

--
-- AUTO_INCREMENT for dumped tables
--

--
-- AUTO_INCREMENT for table `attendance`
--
ALTER TABLE `attendance`
  MODIFY `id` int(191) NOT NULL AUTO_INCREMENT;

--
-- AUTO_INCREMENT for table `books`
--
ALTER TABLE `books`
  MODIFY `id` bigint(20) UNSIGNED NOT NULL AUTO_INCREMENT, AUTO_INCREMENT=4;

--
-- AUTO_INCREMENT for table `duroodpaks`
--
ALTER TABLE `duroodpaks`
  MODIFY `id` bigint(20) UNSIGNED NOT NULL AUTO_INCREMENT, AUTO_INCREMENT=44;

--
-- AUTO_INCREMENT for table `failed_jobs`
--
ALTER TABLE `failed_jobs`
  MODIFY `id` bigint(20) UNSIGNED NOT NULL AUTO_INCREMENT;

--
-- AUTO_INCREMENT for table `forget_passwords`
--
ALTER TABLE `forget_passwords`
  MODIFY `id` bigint(20) UNSIGNED NOT NULL AUTO_INCREMENT;

--
-- AUTO_INCREMENT for table `lectures`
--
ALTER TABLE `lectures`
  MODIFY `id` bigint(20) UNSIGNED NOT NULL AUTO_INCREMENT, AUTO_INCREMENT=2;

--
-- AUTO_INCREMENT for table `migrations`
--
ALTER TABLE `migrations`
  MODIFY `id` int(10) UNSIGNED NOT NULL AUTO_INCREMENT, AUTO_INCREMENT=13;

--
-- AUTO_INCREMENT for table `oauth_clients`
--
ALTER TABLE `oauth_clients`
  MODIFY `id` bigint(20) UNSIGNED NOT NULL AUTO_INCREMENT, AUTO_INCREMENT=5;

--
-- AUTO_INCREMENT for table `oauth_personal_access_clients`
--
ALTER TABLE `oauth_personal_access_clients`
  MODIFY `id` bigint(20) UNSIGNED NOT NULL AUTO_INCREMENT, AUTO_INCREMENT=3;

--
-- AUTO_INCREMENT for table `permissions`
--
ALTER TABLE `permissions`
  MODIFY `id` bigint(20) UNSIGNED NOT NULL AUTO_INCREMENT;

--
-- AUTO_INCREMENT for table `profiles`
--
ALTER TABLE `profiles`
  MODIFY `id` bigint(20) UNSIGNED NOT NULL AUTO_INCREMENT, AUTO_INCREMENT=39;

--
-- AUTO_INCREMENT for table `roles`
--
ALTER TABLE `roles`
  MODIFY `id` bigint(20) UNSIGNED NOT NULL AUTO_INCREMENT;

--
-- AUTO_INCREMENT for table `users`
--
ALTER TABLE `users`
  MODIFY `id` bigint(20) UNSIGNED NOT NULL AUTO_INCREMENT, AUTO_INCREMENT=103;

--
-- Constraints for dumped tables
--

--
-- Constraints for table `forget_passwords`
--
ALTER TABLE `forget_passwords`
  ADD CONSTRAINT `forget_passwords_user_id_foreign` FOREIGN KEY (`user_id`) REFERENCES `users` (`id`);

--
-- Constraints for table `model_has_permissions`
--
ALTER TABLE `model_has_permissions`
  ADD CONSTRAINT `model_has_permissions_permission_id_foreign` FOREIGN KEY (`permission_id`) REFERENCES `permissions` (`id`) ON DELETE CASCADE;

--
-- Constraints for table `model_has_roles`
--
ALTER TABLE `model_has_roles`
  ADD CONSTRAINT `model_has_roles_role_id_foreign` FOREIGN KEY (`role_id`) REFERENCES `roles` (`id`) ON DELETE CASCADE;

--
-- Constraints for table `profiles`
--
ALTER TABLE `profiles`
  ADD CONSTRAINT `profiles_user_id_foreign` FOREIGN KEY (`user_id`) REFERENCES `users` (`id`);

--
-- Constraints for table `role_has_permissions`
--
ALTER TABLE `role_has_permissions`
  ADD CONSTRAINT `role_has_permissions_permission_id_foreign` FOREIGN KEY (`permission_id`) REFERENCES `permissions` (`id`) ON DELETE CASCADE,
  ADD CONSTRAINT `role_has_permissions_role_id_foreign` FOREIGN KEY (`role_id`) REFERENCES `roles` (`id`) ON DELETE CASCADE;
COMMIT;

/*!40101 SET CHARACTER_SET_CLIENT=@OLD_CHARACTER_SET_CLIENT */;
/*!40101 SET CHARACTER_SET_RESULTS=@OLD_CHARACTER_SET_RESULTS */;
/*!40101 SET COLLATION_CONNECTION=@OLD_COLLATION_CONNECTION */;
